"author_id","author_name","canonical_key","extra","last_name","first_name","middle_name"
1,"Abbas, S.","abbas|s",NA,"Abbas","S",NA
2,"Abbey, A L","abbey|a",NA,"Abbey","A","L"
3,"Abbott","abbott|",NA,"Abbott",NA,NA
4,"Abd-Elssamd, A.","abdelssamd|a",NA,"Abd-Elssamd","A",NA
5,"Abreu, P M","abreu|p",NA,"Abreu","P","M"
6,"Acosta, M.","acosta|m",NA,"Acosta","M",NA
7,"Acosta, Natalie","acosta|n",NA,"Acosta","Natalie",NA
8,"Adeboboye, Oluwaseyifunmi E.","adeboboye|oe",NA,"Adeboboye","Oluwaseyifunmi","E"
9,"ADIGÜZEL, Duygu","adigzel|d",NA,"ADIGÜZEL","Duygu",NA
10,"Adiwokor, S.","adiwokor|s",NA,"Adiwokor","S",NA
11,"Ahmed, Shabbir","ahmed|s",NA,"Ahmed","Shabbir",NA
12,"Ahrendt, Gabriel C.","ahrendt|gc",NA,"Ahrendt","Gabriel","C"
13,"Aizaki, H.","aizaki|h",NA,"Aizaki","H",NA
14,"Ajaz, A.","ajaz|a",NA,"Ajaz","A",NA
15,"Ak, Hakan","ak|h",NA,"Ak","Hakan",NA
16,"Alam, M S","alam|m",NA,"Alam","M","S"
17,"Albanwan, H.","albanwan|h",NA,"Albanwan","H",NA
18,"Albaugh, Timothy J.","albaugh|tj",NA,"Albaugh","Timothy","J"
19,"Albinati, A.","albinati|a",NA,"Albinati","A",NA
20,"Alderman, P D","alderman|p",NA,"Alderman","P","D"
21,"Alenazey, F.","alenazey|f",NA,"Alenazey","F",NA
22,"Alexander, J.","alexander|j",NA,"Alexander","J",NA
23,"Alhseinat, E.","alhseinat|e",NA,"Alhseinat","E",NA
24,"Ali, S H","ali|s",NA,"Ali","S","H"
25,"Allen, H. Lee","allen|hl",NA,"Allen","H","Lee"
26,"Allison, S.","allison|s",NA,"Allison","S",NA
27,"Allport, H A","allport|h",NA,"Allport","H","A"
28,"Allsburg, Kurt M. Van","allsburg|kmv","Van","Allsburg","Kurt","M"
29,"Almahawis, M K","almahawis|m",NA,"Almahawis","M","K"
30,"Alonso, E.","alonso|e",NA,"Alonso","E",NA
31,"Amaral, Chelsea Morgan","amaral|cm",NA,"Amaral","Chelsea","Morgan"
32,"Amine, Khalil","amine|k",NA,"Amine","Khalil",NA
33,"Amiotte‐Suchet, Philippe","amiottesuchet|p",NA,"Amiotte‐Suchet","Philippe",NA
34,"Anda, Martin","anda|m",NA,"Anda","Martin",NA
35,"Anderson, E.","anderson|e",NA,"Anderson","E",NA
36,"Anderson, Jacob","anderson|j",NA,"Anderson","Jacob",NA
37,"Anderson, M G","anderson|m",NA,"Anderson","M","G"
38,"Anderson, P J","anderson|p",NA,"Anderson","P","J"
39,"Andersson, P.","andersson|p",NA,"Andersson","P",NA
40,"Andersen, A.","anders|a",NA,"Andersen","A",NA
41,"Andrews, A J","andrews|a",NA,"Andrews","A","J"
42,"ANDREWS, J A M E S V.","andrews|jv",NA,"ANDREWS","JAMES","V"
43,"Andrews, W.","andrews|w",NA,"Andrews","W",NA
44,"Anenburg, Michael","anenburg|m",NA,"Anenburg","Michael",NA
45,"Angerer, Gerhard","angerer|g",NA,"Angerer","Gerhard",NA
46,"Anugrah, Donni Fajar","anugrah|df",NA,"Anugrah","Donni","Fajar"
47,"Anwar, M P","anwar|m",NA,"Anwar","M","P"
48,"An, Q.","an|q",NA,"An","Q",NA
49,"Araujo, I P","araujo|i",NA,"Araujo","I","P"
50,"Arčon, Iztok","arcon|i",NA,"Arčon","Iztok",NA
51,"Armbrustmacher, T J","armbrustmacher|t",NA,"Armbrustmacher","T","J"
52,"Arnold, J G","arnold|j",NA,"Arnold","J","G"
53,"Arunachalam, J.","arunachalam|j",NA,"Arunachalam","J",NA
54,"Aryani, Ade Dwi","aryani|ad",NA,"Aryani","Ade","Dwi"
55,"Ashland, F X","ashland|f",NA,"Ashland","F","X"
56,"Asiala, Carol","asiala|c",NA,"Asiala","Carol",NA
57,"Athar, M F","athar|m",NA,"Athar","M","F"
58,"Athey, Jennifer E.","athey|je",NA,"Athey","Jennifer","E"
59,"Attia, S.","attia|s",NA,"Attia","S",NA
60,"Aumen, N G","aumen|n",NA,"Aumen","N","G"
61,"Avirett, Dylan F.","avirett|df",NA,"Avirett","Dylan","F"
62,"Awuah-Offei, K.","awuahoffei|k",NA,"Awuah-Offei","K",NA
63,"Ayuso, R A","ayuso|r",NA,"Ayuso","R","A"
64,"Azain, Jaime S.","azain|js",NA,"Azain","Jaime","S"
65,"Azifa, A.","azifa|a",NA,"Azifa","A",NA
66,"Azmi, Ulul","azmi|u",NA,"Azmi","Ulul",NA
67,"Babaei, F.","babaei|f",NA,"Babaei","F",NA
68,"Babaie, H A","babaie|h",NA,"Babaie","H","A"
69,"Babel, H R","babel|h",NA,"Babel","H","R"
70,"Bailey, R T","bailey|r",NA,"Bailey","R","T"
71,"Bai, Y.","bai|y",NA,"Bai","Y",NA
72,"Bajnai, D.","bajnai|d",NA,"Bajnai","D",NA
73,"Bajo-Walker, B.","bajowalker|b",NA,"Bajo-Walker","B",NA
74,"Bak, Seong-Min","bak|s",NA,"Bak","Seong-Min",NA
75,"Banks, Brian","banks|b",NA,"Banks","Brian",NA
76,"Banta, Joshua A.","banta|ja",NA,"Banta","Joshua","A"
77,"Barker, I R","barker|i",NA,"Barker","I","R"
78,"Barman, J.","barman|j",NA,"Barman","J",NA
79,"Barnes, A M","barnes|a",NA,"Barnes","A","M"
80,"Barnett, A R","barnett|a",NA,"Barnett","A","R"
81,"Baron, J.","baron|j",NA,"Baron","J",NA
82,"Baron, Thierry","baron|t",NA,"Baron","Thierry",NA
83,"Barrera, Michael L.","barrera|ml",NA,"Barrera","Michael","L"
84,"Barriga, F J A S","barriga|f",NA,"Barriga","F","J A S"
85,"Barton, M D","barton|m",NA,"Barton","M","D"
86,"Bartsch, W.","bartsch|w",NA,"Bartsch","W",NA
87,"Bastrakov, E.","bastrakov|e",NA,"Bastrakov","E",NA
88,"Bazilian, M D","bazilian|m",NA,"Bazilian","M","D"
89,"Becker, Naomi Ann","becker|na",NA,"Becker","Naomi","Ann"
90,"Beckwith","beckwith|",NA,"Beckwith",NA,NA
91,"Beck, F M","beck|f",NA,"Beck","F","M"
92,"Bednar, A J","bednar|a",NA,"Bednar","A","J"
93,"Bedrosian, Paul A.","bedrosian|pa",NA,"Bedrosian","Paul","A"
94,"Belcher, B R","belcher|b",NA,"Belcher","B","R"
95,"Belitz, K.","belitz|k",NA,"Belitz","K",NA
96,"Bellmyer, Nicole","bellmyer|n",NA,"Bellmyer","Nicole",NA
97,"Benavides, E.","benavides|e",NA,"Benavides","E",NA
98,"Benjamin J Drenth, Ph.D","benjaminjdrenth|p","Ph.D","Drenth","Benjamin","J"
99,"Bennett, Michael","bennett|m",NA,"Bennett","Michael",NA
100,"Bennett, S E K","bennett|s",NA,"Bennett","S","E K"
101,"Benowitz, J.","benowitz|j",NA,"Benowitz","J",NA
102,"Bentley, Matthew J.","bentley|mj",NA,"Bentley","Matthew","J"
103,"Benton, J R","benton|j",NA,"Benton","J","R"
104,"Berg, R C","berg|r",NA,"Berg","R","C"
105,"Berhe, A A","berhe|a",NA,"Berhe","A","A"
106,"Bernard, Curtis M.","bernard|cm",NA,"Bernard","Curtis","M"
107,"Bern, C R","bern|c",NA,"Bern","C","R"
108,"Berry, M E","berry|m",NA,"Berry","M","E"
109,"Beunk, Frank F.","beunk|ff",NA,"Beunk","Frank","F"
110,"Beyene, M T","beyene|m",NA,"Beyene","M","T"
111,"Beyers, S.","beyers|s",NA,"Beyers","S",NA
112,"Beyer, Rebecca","beyer|r",NA,"Beyer","Rebecca",NA
113,"Bhaskar, A S","bhaskar|a",NA,"Bhaskar","A","S"
114,"Bhattacharjee, Shubhadeep","bhattacharjee|s",NA,"Bhattacharjee","Shubhadeep",NA
115,"Bhuwalka, K.","bhuwalka|k",NA,"Bhuwalka","K",NA
116,"Bickford, M E","bickford|m",NA,"Bickford","M","E"
117,"Biegel, J.","biegel|j",NA,"Biegel","J",NA
118,"Bilham, R.","bilham|r",NA,"Bilham","R",NA
119,"Binnemans, Koen","binnemans|k",NA,"Binnemans","Koen",NA
120,"Bird, Philip H.","bird|ph",NA,"Bird","Philip","H"
121,"Bjarke, N R","bjarke|n",NA,"Bjarke","N","R"
122,"Blackwell, Noel J S","blackwell|nj",NA,"Blackwell","Noel","J S"
123,"Blake, J M","blake|j",NA,"Blake","J","M"
124,"Blankenship, L N","blankenship|l",NA,"Blankenship","L","N"
125,"Blasch, K W","blasch|k",NA,"Blasch","K","W"
126,"Bleeker, W.","bleeker|w",NA,"Bleeker","W",NA
127,"Blome, C D","blome|c",NA,"Blome","C","D"
128,"Blondes, M S","blondes|m",NA,"Blondes","M","S"
129,"Bloss, B R","bloss|b",NA,"Bloss","B","R"
130,"Board, D I","board|d",NA,"Board","D","I"
131,"Bode, A.","bode|a",NA,"Bode","A",NA
132,"Bodnar, R J","bodnar|r",NA,"Bodnar","R","J"
133,"Boozarjomehry, R B","boozarjomehry|r",NA,"Boozarjomehry","R","B"
134,"Borchardt, J S","borchardt|j",NA,"Borchardt","J","S"
135,"Bourdeau, J E","bourdeau|j",NA,"Bourdeau","J","E"
136,"Bouton, Anthony","bouton|a",NA,"Bouton","Anthony",NA
137,"Boutt, D F","boutt|d",NA,"Boutt","D","F"
138,"Bowersox, Chance","bowersox|c",NA,"Bowersox","Chance",NA
139,"Bowman, R L","bowman|r",NA,"Bowman","R","L"
140,"Boxleiter, A.","boxleiter|a",NA,"Boxleiter","A",NA
141,"Box, S E","box|s",NA,"Box","S","E"
142,"Boyce, A J","boyce|a",NA,"Boyce","A","J"
143,"Boyd, O S","boyd|o",NA,"Boyd","O","S"
144,"Bradford, J.","bradford|j",NA,"Bradford","J",NA
145,"Bradley, D C","bradley|d",NA,"Bradley","D","C"
146,"Brahney, J.","brahney|j",NA,"Brahney","J",NA
147,"Brake, S S","brake|s",NA,"Brake","S","S"
148,"BRANCA, P.","branca|p",NA,"BRANCA","P",NA
149,"Brantley","brantley|",NA,"Brantley",NA,NA
150,"Brantley, S L","brantley|s",NA,"Brantley","S","L"
151,"Breasley, C M","breasley|c",NA,"Breasley","C","M"
152,"Brennan, D T","brennan|d",NA,"Brennan","D","T"
153,"Brennan, S.","brennan|s",NA,"Brennan","S",NA
154,"Brewer, S K","brewer|s",NA,"Brewer","S","K"
155,"Brickey, T A","brickey|t",NA,"Brickey","T","A"
156,"Briggs, M A","briggs|m",NA,"Briggs","M","A"
157,"Briscoe, Seattle","briscoe|s",NA,"Briscoe","Seattle",NA
158,"Britt, A F","britt|a",NA,"Britt","A","F"
159,"Broadbent, Ashley","broadbent|a",NA,"Broadbent","Ashley",NA
160,"Brouillon, J.","brouillon|j",NA,"Brouillon","J",NA
161,"Brownfield, I K","brownfield|i",NA,"Brownfield","I","K"
162,"Brown, C J","brown|c",NA,"Brown","C","J"
163,"Brown, D S","brown|d",NA,"Brown","D","S"
164,"Brown, Jessica","brown|j",NA,"Brown","Jessica",NA
165,"Brown, P J","brown|p",NA,"Brown","P","J"
166,"Brown, S E","brown|s",NA,"Brown","S","E"
167,"Bruckard, W.","bruckard|w",NA,"Bruckard","W",NA
168,"Brzozowski, M J","brzozowski|m",NA,"Brzozowski","M","J"
169,"BS, Van Gosen","bs|vg",NA,"BS","Van","Gosen"
170,"Buchanan, J W","buchanan|j",NA,"Buchanan","J","W"
171,"Buck, B J","buck|b",NA,"Buck","B","J"
172,"Buddington, A.","buddington|a",NA,"Buddington","A",NA
173,"Burheim, O S","burheim|o",NA,"Burheim","O","S"
174,"Burnett, M.","burnett|m",NA,"Burnett","M",NA
175,"Burpee, B T","burpee|b",NA,"Burpee","B","T"
176,"B","b|",NA,"B",NA,NA
177,"B, A.","b|a",NA,"B","A",NA
178,"Calvo, J A M","calvo|j",NA,"Calvo","J","A M"
179,"Campanaro, João Felipe","campanaro|jf",NA,"Campanaro","João","Felipe"
180,"Campbell, Kate M.","campbell|km",NA,"Campbell","Kate","M"
181,"Campoe, Otávio C.","campoe|oc",NA,"Campoe","Otávio","C"
182,"Campos, D S De","campos|dd","De","Campos","D","S"
183,"Canfield, D E","canfield|d",NA,"Canfield","D","E"
184,"Canham, H A","canham|h",NA,"Canham","H","A"
185,"Cannon, W F","cannon|w",NA,"Cannon","W","F"
186,"Carey, Nathan J.","carey|nj",NA,"Carey","Nathan","J"
187,"Carlson, S M","carlson|s",NA,"Carlson","S","M"
188,"Carroll, R W H","carroll|r",NA,"Carroll","R","W H"
189,"Carter, David R.","carter|dr",NA,"Carter","David","R"
190,"Casey, C P","casey|c",NA,"Casey","C","P"
191,"Case, George N. D.","case|gnd",NA,"Case","George","N D"
192,"Champion, D.","champion|d",NA,"Champion","D",NA
193,"Chapman, M C","chapman|m",NA,"Chapman","M","C"
194,"Chappell, W T","chappell|w",NA,"Chappell","W","T"
195,"Chase, Brandon Franklin Werner","chase|bfw",NA,"Chase","Brandon","Franklin Werner"
196,"Chatterjee, S.","chatterjee|s",NA,"Chatterjee","S",NA
197,"Chellam, Shankararaman","chellam|s",NA,"Chellam","Shankararaman",NA
198,"Chellman, K.","chellman|k",NA,"Chellman","K",NA
199,"Cheng, Y.","cheng|y",NA,"Cheng","Y",NA
200,"Chen, Y L","chen|y",NA,"Chen","Y","L"
201,"Cherrat, A.","cherrat|a",NA,"Cherrat","A",NA
202,"Chiang, W P","chiang|w",NA,"Chiang","W","P"
203,"Chiarenzelli, J R","chiarenzelli|j",NA,"Chiarenzelli","J","R"
204,"Chileen, B V","chileen|b",NA,"Chileen","B","V"
205,"Chilton, K D","chilton|k",NA,"Chilton","K","D"
206,"Chipangamate, N.","chipangamate|n",NA,"Chipangamate","N",NA
207,"Choate, L M","choate|l",NA,"Choate","L","M"
208,"Choat, B.","choat|b",NA,"Choat","B",NA
209,"Choi, S K","choi|s",NA,"Choi","S","K"
210,"Chormann, F H","chormann|f",NA,"Chormann","F","H"
211,"Christensen, J N","christensen|j",NA,"Christensen","J","N"
212,"Christofferson, K.","christofferson|k",NA,"Christofferson","K",NA
213,"Chuah, Stephanie","chuah|s",NA,"Chuah","Stephanie",NA
214,"Churchwell, D.","churchwell|d",NA,"Churchwell","D",NA
215,"Chu, P.","chu|p",NA,"Chu","P",NA
216,"Ciampaglio, C.","ciampaglio|c",NA,"Ciampaglio","C",NA
217,"Cicek, Z.","cicek|z",NA,"Cicek","Z",NA
218,"Clark, M.","clark|m",NA,"Clark","M",NA
219,"Clary, R M","clary|r",NA,"Clary","R","M"
220,"Cleveland, K. Michael","cleveland|km",NA,"Cleveland","K","Michael"
221,"Clifford, M J","clifford|m",NA,"Clifford","M","J"
222,"Clune, J W","clune|j",NA,"Clune","J","W"
223,"CL, Ferguson","cl|f",NA,"CL","Ferguson",NA
224,"Cohen, B S","cohen|b",NA,"Cohen","B","S"
225,"Coleman, Drew S.","coleman|ds",NA,"Coleman","Drew","S"
226,"Colgan, J.","colgan|j",NA,"Colgan","J",NA
227,"Collar, Natalie M.","collar|nm",NA,"Collar","Natalie","M"
228,"Comans, C M","comans|c",NA,"Comans","C","M"
229,"Condie","condie|",NA,"Condie",NA,NA
230,"Condon","condon|",NA,"Condon",NA,NA
231,"Cook, Rachel L.","cook|rl",NA,"Cook","Rachel","L"
232,"Coons","coons|",NA,"Coons",NA,NA
233,"Coplen, T B","coplen|t",NA,"Coplen","T","B"
234,"Copler, C.","copler|c",NA,"Copler","C",NA
235,"Corbit, A. G.","corbit|ag",NA,"Corbit","A","G"
236,"Corchado-Albelo, J L","corchadoalbelo|j",NA,"Corchado-Albelo","J","L"
237,"Corral, F J G","corral|f",NA,"Corral","F","J G"
238,"Corriveau, L.","corriveau|l",NA,"Corriveau","L",NA
239,"Cothren, H R","cothren|h",NA,"Cothren","H","R"
240,"Coube-Sisqueille, S.","coubesisqueille|s",NA,"Coube-Sisqueille","S",NA
241,"Counts, J W","counts|j",NA,"Counts","J","W"
242,"Couëslan, C G","couslan|c",NA,"Couëslan","C","G"
243,"Cox, E M","cox|e",NA,"Cox","E","M"
244,"Cox, I A","cox|i",NA,"Cox","I","A"
245,"Cox, Jordan T.","cox|jt",NA,"Cox","Jordan","T"
246,"Coyan, J A","coyan|j",NA,"Coyan","J","A"
247,"Craddock, W H","craddock|w",NA,"Craddock","W","H"
248,"Crafford, T.","crafford|t",NA,"Crafford","T",NA
249,"Crawford, J K","crawford|j",NA,"Crawford","J","K"
250,"Creason, C G","creason|c",NA,"Creason","C","G"
251,"Crowley-Ornelas, E.","crowleyornelas|e",NA,"Crowley-Ornelas","E",NA
252,"Crowley, C W","crowley|c",NA,"Crowley","C","W"
253,"Cruz, Roberto","cruz|r",NA,"Cruz","Roberto",NA
254,"Curl, Douglas C.","curl|dc",NA,"Curl","Douglas","C"
255,"Currie, D.","currie|d",NA,"Currie","D",NA
256,"Cushway, K C","cushway|k",NA,"Cushway","K","C"
257,"Czarnota, K.","czarnota|k",NA,"Czarnota","K",NA
258,"Dahlin, K M","dahlin|k",NA,"Dahlin","K","M"
259,"Dahm, K.","dahm|k",NA,"Dahm","K",NA
260,"Dai, Q.","dai|q",NA,"Dai","Q",NA
261,"Darin, Michael H.","darin|mh",NA,"Darin","Michael","H"
262,"Das, S.","das|s",NA,"Das","S",NA
263,"Dattilo, J.","dattilo|j",NA,"Dattilo","J",NA
264,"Davarpanah, A.","davarpanah|a",NA,"Davarpanah","A",NA
265,"Davey, S C","davey|s",NA,"Davey","S","C"
266,"David, E. M.","david|em",NA,"David","E","M"
267,"Davies, N S","davies|n",NA,"Davies","N","S"
268,"Davies, R S","davies|r",NA,"Davies","R","S"
269,"Davison","davison|",NA,"Davison",NA,NA
270,"Day, Warren C.","day|wc",NA,"Day","Warren","C"
271,"Díaz-Gutiérrez, E.","dazgutirrez|e",NA,"Díaz-Gutiérrez","E",NA
272,"Díaz, X C","daz|x",NA,"Díaz","X","C"
273,"Deacon, B.","deacon|b",NA,"Deacon","B",NA
274,"DeAngelo, J.","deangelo|j",NA,"DeAngelo","J",NA
275,"Dean, D.","dean|d",NA,"Dean","D",NA
276,"Dechesne, M.","dechesne|m",NA,"Dechesne","M",NA
277,"Decree, Sophie","decree|s",NA,"Decree","Sophie",NA
278,"Deering, Chad D.","deering|cd",NA,"Deering","Chad","D"
279,"Dee, Seth","dee|s",NA,"Dee","Seth",NA
280,"DeGraff, James M.","degraff|jm",NA,"DeGraff","James","M"
281,"Deldicque, D.","deldicque|d",NA,"Deldicque","D",NA
282,"Demircan, Huriye","demircan|h",NA,"Demircan","Huriye",NA
283,"DeMott, L M","demott|l",NA,"DeMott","L","M"
284,"Denham, Andrew T.","denham|at",NA,"Denham","Andrew","T"
285,"Denny, Fred","denny|f",NA,"Denny","Fred",NA
286,"Denton, K M","denton|k",NA,"Denton","K","M"
287,"Deutch, J.","deutch|j",NA,"Deutch","J",NA
288,"DeVries, D R","devries|d",NA,"DeVries","D","R"
289,"DeWitt, J D","dewitt|j",NA,"DeWitt","J","D"
290,"Diallo, M C","diallo|m",NA,"Diallo","M","C"
291,"Dicken","dicken|",NA,"Dicken",NA,NA
292,"Dicken, C.","dicken|c",NA,"Dicken","C",NA
293,"Dietrich, V E","dietrich|v",NA,"Dietrich","V","E"
294,"Dietsch, Craig","dietsch|c",NA,"Dietsch","Craig",NA
295,"Dilts, T E","dilts|t",NA,"Dilts","T","E"
296,"Ding, S.","ding|s",NA,"Ding","S",NA
297,"Dong, D T","dong|d",NA,"Dong","D","T"
298,"Dong, J.","dong|j",NA,"Dong","J",NA
299,"Dong, Y.","dong|y",NA,"Dong","Y",NA
300,"Dortch, J M","dortch|j",NA,"Dortch","J","M"
301,"Doublier, M.","doublier|m",NA,"Doublier","M",NA
302,"Dou","dou|",NA,"Dou",NA,NA
303,"Downs, C.","downs|c",NA,"Downs","C",NA
304,"Dozier, H J","dozier|h",NA,"Dozier","H","J"
305,"Drenth, Benjamin J.","drenth|bj",NA,"Drenth","Benjamin","J"
306,"Driscoll, J.","driscoll|j",NA,"Driscoll","J",NA
307,"Driscoll, K P","driscoll|k",NA,"Driscoll","K","P"
308,"Dugan, Caitlyn","dugan|c",NA,"Dugan","Caitlyn",NA
309,"Dumond, G.","dumond|g",NA,"Dumond","G",NA
310,"Duncan, Jonathan M.","duncan|jm",NA,"Duncan","Jonathan","M"
311,"Dunn, J B","dunn|j",NA,"Dunn","J","B"
312,"Dusel-Bacon, C.","duselbacon|c",NA,"Dusel-Bacon","C",NA
313,"Dushyantha, N P","dushyantha|n",NA,"Dushyantha","N","P"
314,"Duuring, P.","duuring|p",NA,"Duuring","P",NA
315,"Earney, Tait E.","earney|te",NA,"Earney","Tait","E"
316,"Eastman, K A","eastman|k",NA,"Eastman","K","A"
317,"Ebel, B A","ebel|b",NA,"Ebel","B","A"
318,"Eble, Cortland","eble|c",NA,"Eble","Cortland",NA
319,"EDCON-PRJ","edconprj|",NA,"EDCON-PRJ",NA,NA
320,"Eggert, R.","eggert|r",NA,"Eggert","R",NA
321,"Elaloui, E.","elaloui|e",NA,"Elaloui","E",NA
322,"Eleish, A.","eleish|a",NA,"Eleish","A",NA
323,"Elicki, Olaf","elicki|o",NA,"Elicki","Olaf",NA
324,"Elliott, W C","elliott|w",NA,"Elliott","W","C"
325,"Ellis, G S","ellis|g",NA,"Ellis","G","S"
326,"Ellis, W.","ellis|w",NA,"Ellis","W",NA
327,"Emond, A.","emond|a",NA,"Emond","A",NA
328,"Emsbo, Poul","emsbo|p",NA,"Emsbo","Poul",NA
329,"Enkelmann, E.","enkelmann|e",NA,"Enkelmann","E",NA
330,"Ennaciri, Y.","ennaciri|y",NA,"Ennaciri","Y",NA
331,"Erber, Nathan","erber|n",NA,"Erber","Nathan",NA
332,"Erdey, László","erdey|l",NA,"Erdey","László",NA
333,"Erickson, M L","erickson|m",NA,"Erickson","M","L"
334,"Čerkasova, N.","erkasova|n",NA,"Čerkasova","N",NA
335,"Ernst, R E","ernst|r",NA,"Ernst","R","E"
336,"Erradi, E M","erradi|e",NA,"Erradi","E","M"
337,"Ertons, Melanie L.","ertons|ml",NA,"Ertons","Melanie","L"
338,"Espinoza, Luis A. Tercero","espinoza|lat","Tercero ","Espinoza","Luis","A"
339,"Essehli, R.","essehli|r",NA,"Essehli","R",NA
340,"Essig, Espree E.","essig|ee",NA,"Essig","Espree","E"
341,"Etschmann, B.","etschmann|b",NA,"Etschmann","B",NA
342,"Ettensohn, F R","ettensohn|f",NA,"Ettensohn","F","R"
343,"Eurich, A.","eurich|a",NA,"Eurich","A",NA
344,"Evans, Anna","evans|a",NA,"Evans","Anna",NA
345,"Evans, B R","evans|b",NA,"Evans","B","R"
346,"Ewing, R.","ewing|r",NA,"Ewing","R",NA
347,"Eyster, A.","eyster|a",NA,"Eyster","A",NA
348,"Fallick","fallick|",NA,"Fallick",NA,NA
349,"Fame, M L","fame|m",NA,"Fame","M","L"
350,"Farrar, A.","farrar|a",NA,"Farrar","A",NA
351,"Faruk, M U","faruk|m",NA,"Faruk","M","U"
352,"Favaro, F.","favaro|f",NA,"Favaro","F",NA
353,"Favero, A.","favero|a",NA,"Favero","A",NA
354,"Felch, M M","felch|m",NA,"Felch","M","M"
355,"Feng, L.","feng|l",NA,"Feng","L",NA
356,"Fenyves, Veronika","fenyves|v",NA,"Fenyves","Veronika",NA
357,"Ferguson, C L","ferguson|c",NA,"Ferguson","C","L"
358,"Ferrer, Mateus Meneghetti","ferrer|mm",NA,"Ferrer","Mateus","Meneghetti"
359,"Fessenden, Serena N.","fessenden|sn",NA,"Fessenden","Serena","N"
360,"Fewell, J S","fewell|j",NA,"Fewell","J","S"
361,"FIGUEROA, RODRIGO T.","figueroa|rt",NA,"FIGUEROA","RODRIGO","T"
362,"Fikru, M G","fikru|m",NA,"Fikru","M","G"
363,"Finn, C A","finn|c",NA,"Finn","C","A"
364,"Fisher, B N","fisher|b",NA,"Fisher","B","N"
365,"Fisher, R N","fisher|r",NA,"Fisher","R","N"
366,"Fisher, S R","fisher|s",NA,"Fisher","S","R"
367,"Fitzgerald, Paul G.","fitzgerald|pg",NA,"Fitzgerald","Paul","G"
368,"Fleischer, N A","fleischer|n",NA,"Fleischer","N","A"
369,"Fleming, S.","fleming|s",NA,"Fleming","S",NA
370,"Flores, P.","flores|p",NA,"Flores","P",NA
371,"Flowers, R M","flowers|r",NA,"Flowers","R","M"
372,"Foley, N.","foley|n",NA,"Foley","N",NA
373,"Folsom, M.","folsom|m",NA,"Folsom","M",NA
374,"Forte, A M","forte|a",NA,"Forte","A","M"
375,"Fortier, Steven M.","fortier|sm",NA,"Fortier","Steven","M"
376,"Foss, Ellie","foss|e",NA,"Foss","Ellie",NA
377,"Fox, Katherine","fox|k",NA,"Fox","Katherine",NA
378,"Fox, S J","fox|s",NA,"Fox","S","J"
379,"Fox, Thomas R.","fox|tr",NA,"Fox","Thomas","R"
380,"Freed, D E","freed|d",NA,"Freed","D","E"
381,"Freeman, P.","freeman|p",NA,"Freeman","P",NA
382,"Frost, Dan","frost|d",NA,"Frost","Dan",NA
383,"Frost, T.","frost|t",NA,"Frost","T",NA
384,"Frus, R.","frus|r",NA,"Frus","R",NA
385,"Funk, J A","funk|j",NA,"Funk","J","A"
386,"Fusso, L A","fusso|l",NA,"Fusso","L","A"
387,"F, D A V I D","f|d",NA,"F","DAVID",""
388,"Gadd, M G","gadd|m",NA,"Gadd","M","G"
389,"Gale, M H","gale|m",NA,"Gale","M","H"
390,"Gallen, S F","gallen|s",NA,"Gallen","S","F"
391,"Gannon, Ian M.","gannon|im",NA,"Gannon","Ian","M"
392,"Gantait, A.","gantait|a",NA,"Gantait","A",NA
393,"Gao, J.","gao|j",NA,"Gao","J",NA
394,"Garcia, Juan","garcia|j",NA,"Garcia","Juan",NA
395,"Gardner, James E.","gardner|je",NA,"Gardner","James","E"
396,"Gardner, W P","gardner|w",NA,"Gardner","W","P"
397,"Garg, R D","garg|r",NA,"Garg","R","D"
398,"Garg, S.","garg|s",NA,"Garg","S",NA
399,"Gaschnig, R.","gaschnig|r",NA,"Gaschnig","R",NA
400,"Gaucher, Eric C.","gaucher|ec",NA,"Gaucher","Eric","C"
401,"Gautham, B. P.","gautham|bp",NA,"Gautham","B","P"
402,"Gavel, Michelle M.","gavel|mm",NA,"Gavel","Michelle","M"
403,"Gaydardzhiev, Stoyan","gaydardzhiev|s",NA,"Gaydardzhiev","Stoyan",NA
404,"Gaynor, Sean P.","gaynor|sp",NA,"Gaynor","Sean","P"
405,"Gelman, S E","gelman|s",NA,"Gelman","S","E"
406,"Gentilcore, D M","gentilcore|d",NA,"Gentilcore","D","M"
407,"Georgi, J.","georgi|j",NA,"Georgi","J",NA
408,"Gerven, Tom Van","gerven|tv",NA,"Gerven","Tom","Van"
409,"Getch, J.","getch|j",NA,"Getch","J",NA
410,"Geyin, M.","geyin|m",NA,"Geyin","M",NA
411,"Ghere, C.","ghere|c",NA,"Ghere","C",NA
412,"Ghienne, Jean-François","ghienne|j",NA,"Ghienne","Jean-François",NA
413,"Ghorbani, Y.","ghorbani|y",NA,"Ghorbani","Y",NA
414,"Ghosh, S.","ghosh|s",NA,"Ghosh","S",NA
415,"Giarrusso, A.","giarrusso|a",NA,"Giarrusso","A",NA
416,"Gibson, C.","gibson|c",NA,"Gibson","C",NA
417,"Gilmer, A K","gilmer|a",NA,"Gilmer","A","K"
418,"Gim, Jihyeon","gim|j",NA,"Gim","Jihyeon",NA
419,"Girault, F.","girault|f",NA,"Girault","F",NA
420,"Gity, Farzan","gity|f",NA,"Gity","Farzan",NA
421,"Glen, Jonathan M G","glen|jm",NA,"Glen","Jonathan","M G"
422,"Gnann, S J","gnann|s",NA,"Gnann","S","J"
423,"Gohlke, Julia M.","gohlke|jm",NA,"Gohlke","Julia","M"
424,"Goldberg, S L","goldberg|s",NA,"Goldberg","S","L"
425,"Gonçalves, A N","gonalves|a",NA,"Gonçalves","A","N"
426,"Gond, R.","gond|r",NA,"Gond","R",NA
427,"Gonzalez-Alvarez, I.","gonzalezalvarez|i",NA,"Gonzalez-Alvarez","I",NA
428,"Gootman, K S","gootman|k",NA,"Gootman","K","S"
429,"Gosen, B S Van","gosen|bv","Van","Gosen","B","S"
430,"Graedel, T.","graedel|t",NA,"Graedel","T",NA
431,"Graf, Roberta","graf|r",NA,"Graf","Roberta",NA
432,"Graham, Garth E.","graham|ge",NA,"Graham","Garth","E"
433,"Granitto, M.","granitto|m",NA,"Granitto","M",NA
434,"Grauch, V. J. S.","grauch|vjs",NA,"Grauch","V","J S"
435,"Graybeal, F.","graybeal|f",NA,"Graybeal","F",NA
436,"Graymer, R.","graymer|r",NA,"Graymer","R",NA
437,"Grazioli, S.","grazioli|s",NA,"Grazioli","S",NA
438,"Greise, Andrew","greise|a",NA,"Greise","Andrew",NA
439,"Grigg, J.","grigg|j",NA,"Grigg","J",NA
440,"Grover, Henry","grover|h",NA,"Grover","Henry",NA
441,"Groves, D I","groves|d",NA,"Groves","D","I"
442,"Gürsoy, Yaşar Hakan","grsoy|yh",NA,"Gürsoy","Yaşar","Hakan"
443,"Gürsu, Semih","grsu|s",NA,"Gürsu","Semih",NA
444,"Gustafson, J O","gustafson|j",NA,"Gustafson","J","O"
445,"Guzman, M A","guzman|m",NA,"Guzman","M","A"
446,"Guzmics, Tibor","guzmics|t",NA,"Guzmics","Tibor",NA
447,"Gyawu, E.","gyawu|e",NA,"Gyawu","E",NA
448,"Gysi, Alexander P.","gysi|ap",NA,"Gysi","Alexander","P"
449,"Habib, K.","habib|k",NA,"Habib","K",NA
450,"Haeussler, P J","haeussler|p",NA,"Haeussler","P","J"
451,"Hakim, A Y A","hakim|a",NA,"Hakim","A","Y A"
452,"Hale, K E","hale|k",NA,"Hale","K","E"
453,"Hale, T N","hale|t",NA,"Hale","T","N"
454,"Hall, S.","hall|s",NA,"Hall","S",NA
455,"Hamed, Y.","hamed|y",NA,"Hamed","Y",NA
456,"Hamisi, J.","hamisi|j",NA,"Hamisi","J",NA
457,"Hammarstrom","hammarstrom|",NA,"Hammarstrom",NA,NA
458,"Hammarstrom, Jane M.","hammarstrom|jm",NA,"Hammarstrom","Jane","M"
459,"Hammond, J C","hammond|j",NA,"Hammond","J","C"
460,"Haneberg, W C","haneberg|w",NA,"Haneberg","W","C"
461,"Hanghøj, K.","hanghj|k",NA,"Hanghøj","K",NA
462,"Hanna, Heather","hanna|h",NA,"Hanna","Heather",NA
463,"Hannington, Mark D.","hannington|md",NA,"Hannington","Mark","D"
464,"Han, Jinhyup","han|j",NA,"Han","Jinhyup",NA
465,"Han, T.","han|t",NA,"Han","T",NA
466,"Hardesty, K.","hardesty|k",NA,"Hardesty","K",NA
467,"Hardman, Alice","hardman|a",NA,"Hardman","Alice",NA
468,"Harpold, A.","harpold|a",NA,"Harpold","A",NA
469,"Harrison, H N","harrison|h",NA,"Harrison","H","N"
470,"Harrison, J.","harrison|j",NA,"Harrison","J",NA
471,"Hartings, M R","hartings|m",NA,"Hartings","M","R"
472,"Harty, C. N.","harty|cn",NA,"Harty","C","N"
473,"Hartzell, S.","hartzell|s",NA,"Hartzell","S",NA
474,"Harvey, David A.","harvey|da",NA,"Harvey","David","A"
475,"Hauchecorne, Pauline","hauchecorne|p",NA,"Hauchecorne","Pauline",NA
476,"Hawbaker, T.","hawbaker|t",NA,"Hawbaker","T",NA
477,"Hawksley, C.","hawksley|c",NA,"Hawksley","C",NA
478,"Hayes, S.","hayes|s",NA,"Hayes","S",NA
479,"Hazen, R M","hazen|r",NA,"Hazen","R","M"
480,"Hazzan","hazzan|",NA,"Hazzan",NA,NA
481,"Hearon, J S","hearon|j",NA,"Hearon","J","S"
482,"Heck, Richard J.","heck|rj",NA,"Heck","Richard","J"
483,"Hector, J. B.","hector|jb",NA,"Hector","J","B"
484,"Hede, A N H","hede|a",NA,"Hede","A","N H"
485,"Hedrick, G.","hedrick|g",NA,"Hedrick","G",NA
486,"Hegeman, P.","hegeman|p",NA,"Hegeman","P",NA
487,"Heggie, T W","heggie|t",NA,"Heggie","T","W"
488,"Heitmuller, F T","heitmuller|f",NA,"Heitmuller","F","T"
489,"Heizler, Matthew T.","heizler|mt",NA,"Heizler","Matthew","T"
490,"Hennessy, E.","hennessy|e",NA,"Hennessy","E",NA
491,"Heptinstall, E A","heptinstall|e",NA,"Heptinstall","E","A"
492,"Hertweck, Kate L.","hertweck|kl",NA,"Hertweck","Kate","L"
493,"Hettler, J F","hettler|j",NA,"Hettler","J","F"
494,"Hevesi, J.","hevesi|j",NA,"Hevesi","J",NA
495,"Hickin, A S","hickin|a",NA,"Hickin","A","S"
496,"Hickman, John B.","hickman|jb",NA,"Hickman","John","B"
497,"Hillman, A.","hillman|a",NA,"Hillman","A",NA
498,"Hine, A.","hine|a",NA,"Hine","A",NA
499,"Hirons","hirons|",NA,"Hirons",NA,NA
500,"Hirsh, H.","hirsh|h",NA,"Hirsh","H",NA
501,"Hnatyshin, D.","hnatyshin|d",NA,"Hnatyshin","D",NA
502,"Hocquard, C.","hocquard|c",NA,"Hocquard","C",NA
503,"Hoefen, T M","hoefen|t",NA,"Hoefen","T","M"
504,"Hofer, R.","hofer|r",NA,"Hofer","R",NA
505,"Hofstra, A H","hofstra|a",NA,"Hofstra","A","H"
506,"Hogan, D E","hogan|d",NA,"Hogan","D","E"
507,"Holland, M. S P","holland|ms",NA,"Holland","M","S P"
508,"Holm-Denoma, C S","holmdenoma|c",NA,"Holm-Denoma","C","S"
509,"Holsopple, A R","holsopple|a",NA,"Holsopple","A","R"
510,"Holtkamp, C.","holtkamp|c",NA,"Holtkamp","C",NA
511,"Homan, D M","homan|d",NA,"Homan","D","M"
512,"Honsberger, I.","honsberger|i",NA,"Honsberger","I",NA
513,"Hool, A.","hool|a",NA,"Hool","A",NA
514,"Hoos, A.","hoos|a",NA,"Hoos","A",NA
515,"Hornuf, L.","hornuf|l",NA,"Hornuf","L",NA
516,"Horton, J.","horton|j",NA,"Horton","J",NA
517,"Horton, R J","horton|r",NA,"Horton","R","J"
518,"Hotchkiss, E.","hotchkiss|e",NA,"Hotchkiss","E",NA
519,"Hough, S E","hough|s",NA,"Hough","S","E"
520,"Houlé, M.","houl|m",NA,"Houlé","M",NA
521,"Hou, C Y","hou|c",NA,"Hou","C","Y"
522,"Hou, H.","hou|h",NA,"Hou","H",NA
523,"Hou, T.","hou|t",NA,"Hou","T",NA
524,"Hsieh, P Y","hsieh|p",NA,"Hsieh","P","Y"
525,"Huang, J.","huang|j",NA,"Huang","J",NA
526,"Huang, Q.","huang|q",NA,"Huang","Q",NA
527,"Hubbard, Angie K.","hubbard|ak",NA,"Hubbard","Angie","K"
528,"Hubbart, J A","hubbart|j",NA,"Hubbart","J","A"
529,"Hub, E N D G I S","hub|e",NA,"Hub","E","N D G I S"
530,"Hub, N D G I S","hub|n",NA,"Hub","N","D G I S"
531,"Hudak, G J","hudak|g",NA,"Hudak","G","J"
532,"Hudson, A M","hudson|a",NA,"Hudson","A","M"
533,"Hudson, M R","hudson|m",NA,"Hudson","M","R"
534,"Huhma","huhma|",NA,"Huhma",NA,NA
535,"Hui, J.","hui|j",NA,"Hui","J",NA
536,"Hung, Rita Elena Fereira","hung|ref","Fereira","Hung","Rita","Elena"
537,"Hunt, R J","hunt|r",NA,"Hunt","R","J"
538,"Hurley, Paul K.","hurley|pk",NA,"Hurley","Paul","K"
539,"Hurley, W.","hurley|w",NA,"Hurley","W",NA
540,"Hurtig, Nicole C.","hurtig|nc",NA,"Hurtig","Nicole","C"
541,"Husic, A.","husic|a",NA,"Husic","A",NA
542,"Husson, J M","husson|j",NA,"Husson","J","M"
543,"Huston, D L","huston|d",NA,"Huston","D","L"
544,"Hyot, Bérangère","hyot|b",NA,"Hyot","Bérangère",NA
545,"Iddir, Hakim","iddir|h",NA,"Iddir","Hakim",NA
546,"Idzikowski, C R","idzikowski|c",NA,"Idzikowski","C","R"
547,"Iftitah, N.","iftitah|n",NA,"Iftitah","N",NA
548,"III, C A Cravotta","iii|cc","III","Cravotta","C","A"
549,"III, J V Jones","iii|jj","III","Jones","J","V"
550,"III, James V. Jones","iii|jvj","III","Jones","James","V"
551,"Ikejiri, T.","ikejiri|t",NA,"Ikejiri","T",NA
552,"Ilankoon, I.","ilankoon|i",NA,"Ilankoon","I",NA
553,"Im, H.","im|h",NA,"Im","H",NA
554,"Ingebritsen, S E","ingebritsen|s",NA,"Ingebritsen","S","E"
555,"Ingersoll, G.","ingersoll|g",NA,"Ingersoll","G",NA
556,"Ireland, Robert","ireland|r",NA,"Ireland","Robert",NA
557,"Ivanov, A.","ivanov|a",NA,"Ivanov","A",NA
558,"Iverson, Nels","iverson|n",NA,"Iverson","Nels",NA
559,"Jacobs, J E","jacobs|j",NA,"Jacobs","J","E"
560,"Jafta, C J","jafta|c",NA,"Jafta","C","J"
561,"Jallouli, H.","jallouli|h",NA,"Jallouli","H",NA
562,"Janke, Rich","janke|r",NA,"Janke","Rich",NA
563,"Jaroenchai, N.","jaroenchai|n",NA,"Jaroenchai","N",NA
564,"Jaumé, Steven C.","jaum|sc",NA,"Jaumé","Steven","C"
565,"Jayasekera, K S","jayasekera|k",NA,"Jayasekera","K","S"
566,"Jean-François, M.","jeanfranois|m",NA,"Jean-François","M",NA
567,"Jebrak, M.","jebrak|m",NA,"Jebrak","M",NA
568,"Jeffries, Logan","jeffries|l",NA,"Jeffries","Logan",NA
569,"Jenkins, J A","jenkins|j",NA,"Jenkins","J","A"
570,"Jenni, K E","jenni|k",NA,"Jenni","K","E"
571,"Jess, S.","jess|s",NA,"Jess","S",NA
572,"JE, Brown","je|b",NA,"JE","Brown",NA
573,"Jiang, R.","jiang|r",NA,"Jiang","R",NA
574,"Jia, Y.","jia|y",NA,"Jia","Y",NA
575,"Jin, Y.","jin|y",NA,"Jin","Y",NA
576,"Jiskani","jiskani|",NA,"Jiskani",NA,NA
577,"JL, Dai","jl|d",NA,"JL","Dai",NA
578,"JM, Blake","jm|b",NA,"JM","Blake",NA
579,"Joeckel, R M","joeckel|r",NA,"Joeckel","R","M"
580,"Johnsen, Racheal L.","johnsen|rl",NA,"Johnsen","Racheal","L"
581,"Johnson, Christopher","johnson|c",NA,"Johnson","Christopher",NA
582,"Johnson, K.","johnson|k",NA,"Johnson","K",NA
583,"Johnson, T D","johnson|t",NA,"Johnson","T","D"
584,"John S. Placyk, Jr","johnsplacyk|j","Jr","Placyk","John","S"
585,"Johnstone, S.","johnstone|s",NA,"Johnstone","S",NA
586,"John, D A","john|d",NA,"John","D","A"
587,"Jones, D.","jones|d",NA,"Jones","D",NA
588,"Jones, J.V., I I I","jones|ji",NA,"Jones","JV","I I I"
589,"Jordan, J S","jordan|j",NA,"Jordan","J","S"
590,"Jowitt, Simon M.","jowitt|sm",NA,"Jowitt","Simon","M"
591,"Jr, Gary Daft","jr|gd",NA,"Jr","Gary","Daft"
592,"Jr, G R Robinson","jr|gr","Jr","Robinson","G","R"
593,"Jr, J O Ellis","jr|je","Jr","Ellis","J","O"
594,"Jr, J W Horton","jr|jh","Jr","Horton","J","W"
595,"Jr, J. W. Horton","jr|jwh","Jr","Horton","J","W"
596,"Jr, William M. Andrews","jr|wma","Jr","Andrews","William","M"
597,"Jung, Youngjae","jung|y",NA,"Jung","Youngjae",NA
598,"Justman, D M","justman|d",NA,"Justman","D","M"
599,"J.V. Jones, I I I","jvjones|i","III","Jones","J","V"
600,"J, Mavrogenes","j|m",NA,"J","Mavrogenes",NA
601,"Kablan, O A B K","kablan|o",NA,"Kablan","O","A B K"
602,"Kamat, V R","kamat|v",NA,"Kamat","V","R"
603,"Kamoske, A G","kamoske|a",NA,"Kamoske","A","G"
604,"Kamo, S L","kamo|s",NA,"Kamo","S","L"
605,"Kampf, S.","kampf|s",NA,"Kampf","S",NA
606,"Kane, T J","kane|t",NA,"Kane","T","J"
607,"Kangas, K W","kangas|k",NA,"Kangas","K","W"
608,"Kappel, W M","kappel|w",NA,"Kappel","W","M"
609,"Karabelli, D.","karabelli|d",NA,"Karabelli","D",NA
610,"Karacan, CÖ","karacan|c",NA,"Karacan","CÖ",NA
611,"Katz, Lynn E.","katz|le",NA,"Katz","Lynn","E"
612,"Keck, B P","keck|b",NA,"Keck","B","P"
613,"Kelbert, A.","kelbert|a",NA,"Kelbert","A",NA
614,"Kelley, K.","kelley|k",NA,"Kelley","K",NA
615,"Kelley, Richard","kelley|r",NA,"Kelley","Richard",NA
616,"Kelley, Shari","kelley|s",NA,"Kelley","Shari",NA
617,"Kellner, E.","kellner|e",NA,"Kellner","E",NA
618,"Kemper, J T","kemper|j",NA,"Kemper","J","T"
619,"Kendall, Jerome J.","kendall|jj",NA,"Kendall","Jerome","J"
620,"Kendall, Katharine P.","kendall|kp",NA,"Kendall","Katharine","P"
621,"Ketcham, R.","ketcham|r",NA,"Ketcham","R",NA
622,"Keto, D S","keto|d",NA,"Keto","D","S"
623,"Key, Erica","key|e",NA,"Key","Erica",NA
624,"Khoury, R M","khoury|r",NA,"Khoury","R","M"
625,"Kiemel, S.","kiemel|s",NA,"Kiemel","S",NA
626,"Kienzle, Benjamin A.","kienzle|ba",NA,"Kienzle","Benjamin","A"
627,"Kim","kim|",NA,"Kim",NA,NA
628,"Kim, D.","kim|d",NA,"Kim","D",NA
629,"Kim, H.","kim|h",NA,"Kim","H",NA
630,"Kim, J.","kim|j",NA,"Kim","J",NA
631,"Kim, Youngsik","kim|y",NA,"Kim","Youngsik",NA
632,"King, N.","king|n",NA,"King","N",NA
633,"Kintner, J A","kintner|j",NA,"Kintner","J","A"
634,"Kirby, Cindie","kirby|c",NA,"Kirby","Cindie",NA
635,"Kitlasten, W.","kitlasten|w",NA,"Kitlasten","W",NA
636,"Klerner, J.","klerner|j",NA,"Klerner","J",NA
637,"Klimko, J.","klimko|j",NA,"Klimko","J",NA
638,"Knapp, M A","knapp|m",NA,"Knapp","M","A"
639,"Knierim, K J","knierim|k",NA,"Knierim","K","J"
640,"Knight, A C","knight|a",NA,"Knight","A","C"
641,"Knoblock, Craig A.","knoblock|ca",NA,"Knoblock","Craig","A"
642,"Knox, R.","knox|r",NA,"Knox","R",NA
643,"Kokaly, R F","kokaly|r",NA,"Kokaly","R","F"
644,"Kolker, A.","kolker|a",NA,"Kolker","A",NA
645,"Koller, J.","koller|j",NA,"Koller","J",NA
646,"Konuk, Adnan","konuk|a",NA,"Konuk","Adnan",NA
647,"Korus, J T","korus|j",NA,"Korus","J","T"
648,"Koutz, F.","koutz|f",NA,"Koutz","F",NA
649,"Kovach-Hammons, A M","kovachhammons|a",NA,"Kovach-Hammons","A","M"
650,"Koyamparambath, A.","koyamparambath|a",NA,"Koyamparambath","A",NA
651,"Kozar, Mark","kozar|m",NA,"Kozar","Mark",NA
652,"Kozlowski, A.","kozlowski|a",NA,"Kozlowski","A",NA
653,"Kraal, K.","kraal|k",NA,"Kraal","K",NA
654,"Krall, L.","krall|l",NA,"Krall","L",NA
655,"Kreiner, Douglas C.","kreiner|dc",NA,"Kreiner","Douglas","C"
656,"Krmíček, L.","krmek|l",NA,"Krmíček","L",NA
657,"Kuiper, Y D","kuiper|y",NA,"Kuiper","Y","D"
658,"Kumar, A.","kumar|a",NA,"Kumar","A",NA
659,"Kumar, J.","kumar|j",NA,"Kumar","J",NA
660,"Kunath, M.","kunath|m",NA,"Kunath","M",NA
661,"Kurup, Parthiv","kurup|p",NA,"Kurup","Parthiv",NA
662,"Ku, A Y","ku|a",NA,"Ku","A","Y"
663,"Kylander-Clark, A R C","kylanderclark|a",NA,"Kylander-Clark","A","R C"
664,"Lai, J.","lai|j",NA,"Lai","J",NA
665,"Lamb, A P","lamb|a",NA,"Lamb","A","P"
666,"Langenheim, V.","langenheim|v",NA,"Langenheim","V",NA
667,"Langhans, A D Allen","langhans|aa","Allen","Langhans","A","D"
668,"Larison, Caleb","larison|c",NA,"Larison","Caleb",NA
669,"Larsen, I J","larsen|i",NA,"Larsen","I","J"
670,"Lassetter, William L.","lassetter|wl",NA,"Lassetter","William","L"
671,"Laszlo, Ava","laszlo|a",NA,"Laszlo","Ava",NA
672,"Laubertová, M.","laubertov|m",NA,"Laubertová","M",NA
673,"Lauzière, K.","lauzire|k",NA,"Lauzière","K",NA
674,"Lawley, C J M","lawley|c",NA,"Lawley","C","J M"
675,"Lèbre","lbre|",NA,"Lèbre",NA,NA
676,"Leak, Alan","leak|a",NA,"Leak","Alan",NA
677,"Lebedeva, M I","lebedeva|m",NA,"Lebedeva","M","I"
678,"Lederer, Graham W.","lederer|gw",NA,"Lederer","Graham","W"
679,"Lee","lee|",NA,"Lee",NA,NA
680,"Lee, Eungje","lee|e",NA,"Lee","Eungje",NA
681,"Leibowitz, S G","leibowitz|s",NA,"Leibowitz","S","G"
682,"Lewis, R S","lewis|r",NA,"Lewis","R","S"
683,"Liang, C.","liang|c",NA,"Liang","C",NA
684,"Liimatainen, T.","liimatainen|t",NA,"Liimatainen","T",NA
685,"Linden, Karl G.","linden|kg",NA,"Linden","Karl","G"
686,"Ling, X.","ling|x",NA,"Ling","X",NA
687,"Linnen, R L","linnen|r",NA,"Linnen","R","L"
688,"Lin, Fandel","lin|f",NA,"Lin","Fandel",NA
689,"Liquet, B.","liquet|b",NA,"Liquet","B",NA
690,"Lisitsin, V.","lisitsin|v",NA,"Lisitsin","V",NA
691,"Liu, B.","liu|b",NA,"Liu","B",NA
692,"Liu, L.","liu|l",NA,"Liu","L",NA
693,"Liu, Q.","liu|q",NA,"Liu","Q",NA
694,"Liu, W.","liu|w",NA,"Liu","W",NA
695,"Liu, Y.","liu|y",NA,"Liu","Y",NA
696,"Liu, Z.","liu|z",NA,"Liu","Z",NA
697,"Lizzadro-McPherson, Daniel","lizzadromcpherson|d",NA,"Lizzadro-McPherson","Daniel",NA
698,"Li, Kuo","li|k",NA,"Li","Kuo",NA
699,"Li, M.","li|m",NA,"Li","M",NA
700,"Li, N.","li|n",NA,"Li","N",NA
701,"Li, Q.","li|q",NA,"Li","Q",NA
702,"Li, S.","li|s",NA,"Li","S",NA
703,"Li, Y.","li|y",NA,"Li","Y",NA
704,"Locmelis, M.","locmelis|m",NA,"Locmelis","M",NA
705,"Loferski, Patricia","loferski|p",NA,"Loferski","Patricia",NA
706,"Lollato, R.","lollato|r",NA,"Lollato","R",NA
707,"Lopez, Julian A.","lopez|ja",NA,"Lopez","Julian","A"
708,"Losno, R.","losno|r",NA,"Losno","R",NA
709,"Lowers, H A","lowers|h",NA,"Lowers","H","A"
710,"Lozano, Cristian David Gomez","lozano|cdg","Gomez","Lozano","Cristian","David"
711,"Lucas, M.","lucas|m",NA,"Lucas","M",NA
712,"Luckie, T W","luckie|t",NA,"Luckie","T","W"
713,"Lukoczki, Georgina","lukoczki|g",NA,"Lukoczki","Georgina",NA
714,"Lundine, M.","lundine|m",NA,"Lundine","M",NA
715,"Lundstrom, S C","lundstrom|s",NA,"Lundstrom","S","C"
716,"Luo, D.","luo|d",NA,"Luo","D",NA
717,"Lupulescu, M V","lupulescu|m",NA,"Lupulescu","M","V"
718,"Lutz, B M","lutz|b",NA,"Lutz","B","M"
719,"Lu, Y H","lu|y",NA,"Lu","Y","H"
720,"Lu, Z.","lu|z",NA,"Lu","Z",NA
721,"Lynds, Ranie M.","lynds|rm",NA,"Lynds","Ranie","M"
722,"Lynggaard, Josefine Reimer","lynggaard|jr",NA,"Lynggaard","Josefine","Reimer"
723,"Mabee, S B","mabee|s",NA,"Mabee","S","B"
724,"Macdonald, F A","macdonald|f",NA,"Macdonald","F","A"
725,"Macfarlane, A.","macfarlane|a",NA,"Macfarlane","A",NA
726,"Macias, S G","macias|s",NA,"Macias","S","G"
727,"Macknick, Jordan E.","macknick|je",NA,"Macknick","Jordan","E"
728,"Macqueen, Patricia G.","macqueen|pg",NA,"Macqueen","Patricia","G"
729,"MacRae, C M","macrae|c",NA,"MacRae","C","M"
730,"Madronich, L.","madronich|l",NA,"Madronich","L",NA
731,"Magnin, B P","magnin|b",NA,"Magnin","B","P"
732,"Malhotra, Mini","malhotra|m",NA,"Malhotra","Mini",NA
733,"Mamula, N.","mamula|n",NA,"Mamula","N",NA
734,"Mancheri, N.","mancheri|n",NA,"Mancheri","N",NA
735,"Manjong, N B","manjong|n",NA,"Manjong","N","B"
736,"Marais, Des","marais|d",NA,"Marais","Des",NA
737,"Marcinov, V.","marcinov|v",NA,"Marcinov","V",NA
738,"Margenot, A J","margenot|a",NA,"Margenot","A","J"
739,"Marscheider-Weidemann, Frank","marscheiderweidemann|f",NA,"Marscheider-Weidemann","Frank",NA
740,"Marshak, S.","marshak|s",NA,"Marshak","S",NA
741,"Marshall, J M","marshall|j",NA,"Marshall","J","M"
742,"Martinetti, L B","martinetti|l",NA,"Martinetti","L","B"
743,"Martinez, D.","martinez|d",NA,"Martinez","D",NA
744,"Martin","martin|",NA,"Martin",NA,NA
745,"Martin, L.","martin|l",NA,"Martin","L",NA
746,"Martin, Mickael","martin|m",NA,"Martin","Mickael",NA
747,"Martin, S L","martin|s",NA,"Martin","S","L"
748,"Marvinney, R G","marvinney|r",NA,"Marvinney","R","G"
749,"Masri, Ahmad","masri|a",NA,"Masri","Ahmad",NA
750,"Massawe, F A","massawe|f",NA,"Massawe","F","A"
751,"Massey, M A","massey|m",NA,"Massey","M","A"
752,"Mastalerz, M.","mastalerz|m",NA,"Mastalerz","M",NA
753,"Masterman, Steve S.","masterman|ss",NA,"Masterman","Steve","S"
754,"Masterson, A.","masterson|a",NA,"Masterson","A",NA
755,"Mathews, J P","mathews|j",NA,"Mathews","J","P"
756,"Mathew, J J","mathew|j",NA,"Mathew","J","J"
757,"Matos, D R","matos|d",NA,"Matos","D","R"
758,"Mato, K.","mato|k",NA,"Mato","K",NA
759,"Mattheus, C R","mattheus|c",NA,"Mattheus","C","R"
760,"Matthews, W A","matthews|w",NA,"Matthews","W","A"
761,"Mauk, Jeffrey L.","mauk|jl",NA,"Mauk","Jeffrey","L"
762,"MAUNE","maune|",NA,"MAUNE",NA,NA
763,"Maurer, B W","maurer|b",NA,"Maurer","B","W"
764,"Mayes, R.","mayes|r",NA,"Mayes","R",NA
765,"Mayyas, A.","mayyas|a",NA,"Mayyas","A",NA
766,"May, P.","may|p",NA,"May","P",NA
767,"Ma, P J","ma|p",NA,"Ma","P","J"
768,"Ma, Z J","ma|z",NA,"Ma","Z","J"
769,"McAdoo, Mitchell","mcadoo|m",NA,"McAdoo","Mitchell",NA
770,"McCafferty, Anne E.","mccafferty|ae",NA,"McCafferty","Anne","E"
771,"McCall, James","mccall|j",NA,"McCall","James",NA
772,"McCartin, T.","mccartin|t",NA,"McCartin","T",NA
773,"McLauchlan, K K","mclauchlan|k",NA,"McLauchlan","K","K"
774,"McLaughlin, P I","mclaughlin|p",NA,"McLaughlin","P","I"
775,"McLaurin, B.","mclaurin|b",NA,"McLaurin","B",NA
776,"McLemore, Virginia T.","mclemore|vt",NA,"McLemore","Virginia","T"
777,"McMahon, P B","mcmahon|p",NA,"McMahon","P","B"
778,"McMillan, H K","mcmillan|h",NA,"McMillan","H","K"
779,"McNew, E.","mcnew|e",NA,"McNew","E",NA
780,"McPhee, Darcy","mcphee|d",NA,"McPhee","Darcy",NA
781,"Means, Guy","means|g",NA,"Means","Guy",NA
782,"Meischner, Tim","meischner|t",NA,"Meischner","Tim",NA
783,"Melezhik","melezhik|",NA,"Melezhik",NA,NA
784,"Melfos, V.","melfos|v",NA,"Melfos","V",NA
785,"Mercer, C N","mercer|c",NA,"Mercer","C","N"
786,"Merriman, C W","merriman|c",NA,"Merriman","C","W"
787,"Merschat, Arthur","merschat|a",NA,"Merschat","Arthur",NA
788,"Meszaros, Nicholas F.","meszaros|nf",NA,"Meszaros","Nicholas","F"
789,"Meter, K J Van","meter|kv","Van","Meter","K","J"
790,"Methner, K.","methner|k",NA,"Methner","K",NA
791,"Meyer, J M","meyer|j",NA,"Meyer","J","M"
792,"Meyer, S.","meyer|s",NA,"Meyer","S",NA
793,"Miara, Ariel","miara|a",NA,"Miara","Ariel",NA
794,"Mike","mike|",NA,"Mike",NA,NA
795,"Milinovic, J.","milinovic|j",NA,"Milinovic","J",NA
796,"Miller, F W","miller|f",NA,"Miller","F","W"
797,"Miller, Kaleisha D.","miller|kd",NA,"Miller","Kaleisha","D"
798,"Miller, Mathew","miller|m",NA,"Miller","Mathew",NA
799,"Miller, Q R S","miller|q",NA,"Miller","Q","R S"
800,"Miracle, D B","miracle|d",NA,"Miracle","D","B"
801,"Mitchell, C J","mitchell|c",NA,"Mitchell","C","J"
802,"Mixon, R.","mixon|r",NA,"Mixon","R",NA
803,"Mizelle, Shane","mizelle|s",NA,"Mizelle","Shane",NA
804,"Mlinar, M A","mlinar|m",NA,"Mlinar","M","A"
805,"Müller, D.","mller|d",NA,"Müller","D",NA
806,"Model, E B K R P","model|e",NA,"Model","E","B K R P"
807,"Moecher, D P","moecher|d",NA,"Moecher","D","P"
808,"Moeyaert, Jérémy","moeyaert|j",NA,"Moeyaert","Jérémy",NA
809,"Mohamed, G A","mohamed|g",NA,"Mohamed","G","A"
810,"Mohriak, W.","mohriak|w",NA,"Mohriak","W",NA
811,"Mohr, M.","mohr|m",NA,"Mohr","M",NA
812,"Moidu, H.","moidu|h",NA,"Moidu","H",NA
813,"Mollenhauer, R.","mollenhauer|r",NA,"Mollenhauer","R",NA
814,"Molloy, J.","molloy|j",NA,"Molloy","J",NA
815,"Molnár, F.","molnr|f",NA,"Molnár","F",NA
816,"Monecke, Thomas","monecke|t",NA,"Monecke","Thomas",NA
817,"Monroe, A.","monroe|a",NA,"Monroe","A",NA
818,"Monteiro, H S","monteiro|h",NA,"Monteiro","H","S"
819,"Montross, S N","montross|s",NA,"Montross","S","N"
820,"Moore, Jessica","moore|j",NA,"Moore","Jessica",NA
821,"Morbeck, Benjamin","morbeck|b",NA,"Morbeck","Benjamin",NA
822,"Moreland, K C","moreland|k",NA,"Moreland","K","C"
823,"Morelli, L.","morelli|l",NA,"Morelli","L",NA
824,"Morgenthaler, J.","morgenthaler|j",NA,"Morgenthaler","J",NA
825,"Morin-Ka, S.","morinka|s",NA,"Morin-Ka","S",NA
826,"Morrison, R R","morrison|r",NA,"Morrison","R","R"
827,"Morrison, S M","morrison|s",NA,"Morrison","S","M"
828,"Morris, A B","morris|a",NA,"Morris","A","B"
829,"Morris, Emily","morris|e",NA,"Morris","Emily",NA
830,"Morrone, J.","morrone|j",NA,"Morrone","J",NA
831,"Mortensen, J K","mortensen|j",NA,"Mortensen","J","K"
832,"Moschetti, M P","moschetti|m",NA,"Moschetti","M","P"
833,"Moshrefzadeh, J.","moshrefzadeh|j",NA,"Moshrefzadeh","J",NA
834,"Moumani, Khaled Ali","moumani|ka",NA,"Moumani","Khaled","Ali"
835,"Mouser, J B","mouser|j",NA,"Mouser","J","B"
836,"Moyer, B A","moyer|b",NA,"Moyer","B","A"
837,"Moye, C D","moye|c",NA,"Moye","C","D"
838,"Márkus, Ádám","mrkus|",NA,"Márkus","Ádám",NA
839,"Márkus, LEVFÁ","mrkus|l",NA,"Márkus","LEVFÁ",NA
840,"Mroz, Thomas","mroz|t",NA,"Mroz","Thomas",NA
841,"Mudd, D.","mudd|d",NA,"Mudd","D",NA
842,"Mudd, G M","mudd|g",NA,"Mudd","G","M"
843,"Muhanga, M I","muhanga|m",NA,"Muhanga","M","I"
844,"Mukherjee, A.","mukherjee|a",NA,"Mukherjee","A",NA
845,"Muller, Izzy P.","muller|ip",NA,"Muller","Izzy","P"
846,"Murchek, Jacob T.","murchek|jt",NA,"Murchek","Jacob","T"
847,"Murchland, M A","murchland|m",NA,"Murchland","M","A"
848,"Murdoch, P S","murdoch|p",NA,"Murdoch","P","S"
849,"Murphy, S F","murphy|s",NA,"Murphy","S","F"
850,"Murtiana, Sri","murtiana|s",NA,"Murtiana","Sri",NA
851,"Murton, B J","murton|b",NA,"Murton","B","J"
852,"Musho, T.","musho|t",NA,"Musho","T",NA
853,"Musoma, B M","musoma|b",NA,"Musoma","B","M"
854,"Musselman, K N","musselman|k",NA,"Musselman","K","N"
855,"Muthoosamy, K.","muthoosamy|k",NA,"Muthoosamy","K",NA
856,"Myles, C C","myles|c",NA,"Myles","C","C"
857,"Naemi, A.","naemi|a",NA,"Naemi","A",NA
858,"Naglieri, Taylor","naglieri|t",NA,"Naglieri","Taylor",NA
859,"Naibert, Travis J.","naibert|tj",NA,"Naibert","Travis","J"
860,"Nanus, L.","nanus|l",NA,"Nanus","L",NA
861,"Natkaniec-Nowak, L.","natkaniecnowak|l",NA,"Natkaniec-Nowak","L",NA
862,"Nelsen, D. R.","nelsen|dr",NA,"Nelsen","D","R"
863,"Neves, Miguel","neves|m",NA,"Neves","Miguel",NA
864,"Newberry, Rainer J.","newberry|rj",NA,"Newberry","Rainer","J"
865,"Newman, C.","newman|c",NA,"Newman","C",NA
866,"Nguyen, L H B","nguyen|l",NA,"Nguyen","L","H B"
867,"Nguyen, N.","nguyen|n",NA,"Nguyen","N",NA
868,"Nibourel, L.","nibourel|l",NA,"Nibourel","L",NA
869,"Nicholas, Joseph R.","nicholas|jr",NA,"Nicholas","Joseph","R"
870,"Nielsen, M G","nielsen|m",NA,"Nielsen","M","G"
871,"Nielsen, Scott E.","nielsen|se",NA,"Nielsen","Scott","E"
872,"Nielson, D.","nielson|d",NA,"Nielson","D",NA
873,"Nielson, Martha","nielson|m",NA,"Nielson","Martha",NA
874,"Niemiller, M L","niemiller|m",NA,"Niemiller","M","L"
875,"Niemi, N A","niemi|n",NA,"Niemi","N","A"
876,"Niri, A. Jannesar","niri|aj",NA,"Niri","A","Jannesar"
877,"Nixon, K.","nixon|k",NA,"Nixon","K",NA
878,"Noble, A.","noble|a",NA,"Noble","A",NA
879,"Nolan, V P","nolan|v",NA,"Nolan","V","P"
880,"Norwood, L.","norwood|l",NA,"Norwood","L",NA
881,"NT, Delay","nt|d",NA,"NT","Delay",NA
882,"null","null|",NA,"null",NA,NA
883,"Nwaila, G T","nwaila|g",NA,"Nwaila","G","T"
884,"Nyanda, S S","nyanda|s",NA,"Nyanda","S","S"
885,"Nygaard, A.","nygaard|a",NA,"Nygaard","A",NA
886,"Obedzinski, M.","obedzinski|m",NA,"Obedzinski","M",NA
887,"Ochonma, P.","ochonma|p",NA,"Ochonma","P",NA
888,"Okonkwo, Emenike George","okonkwo|eg",NA,"Okonkwo","Emenike","George"
889,"Okuno, Hanako","okuno|h",NA,"Okuno","Hanako",NA
890,"Olivero, A P","olivero|a",NA,"Olivero","A","P"
891,"Olivetti, E.","olivetti|e",NA,"Olivetti","E",NA
892,"Olson","olson|",NA,"Olson",NA,NA
893,"Olson, D W","olson|d",NA,"Olson","D","W"
894,"Ootes, L.","ootes|l",NA,"Ootes","L",NA
895,"Orovan, E A","orovan|e",NA,"Orovan","E","A"
896,"Oráč, D.","or|d",NA,"Oráč","D",NA
897,"O'Sullivan, P B","osullivan|p",NA,"O'Sullivan","P","B"
898,"others","others|",NA,"others",NA,NA
899,"Owen, Evan J.","owen|ej",NA,"Owen","Evan","J"
900,"Pactwa","pactwa|",NA,"Pactwa",NA,NA
901,"Pandey, A.","pandey|a",NA,"Pandey","A",NA
902,"Pandey, R.","pandey|r",NA,"Pandey","R",NA
903,"Pan, F.","pan|f",NA,"Pan","F",NA
904,"Pan, X.","pan|x",NA,"Pan","X",NA
905,"Pan, Y.","pan|y",NA,"Pan","Y",NA
906,"Papadopoulou, L.","papadopoulou|l",NA,"Papadopoulou","L",NA
907,"Pape, Y. Le","pape|yl",NA,"Pape","Y","Le"
908,"Parab, S.","parab|s",NA,"Parab","S",NA
909,"Paradis, S.","paradis|s",NA,"Paradis","S",NA
910,"Parker, S S","parker|s",NA,"Parker","S","S"
911,"Parkhurst, Laura","parkhurst|l",NA,"Parkhurst","Laura",NA
912,"Parks, H.","parks|h",NA,"Parks","H",NA
913,"Park, Jehee","park|j",NA,"Park","Jehee",NA
914,"Park, S.","park|s",NA,"Park","S",NA
915,"Parnell, J.","parnell|j",NA,"Parnell","J",NA
916,"Paukert, C.","paukert|c",NA,"Paukert","C",NA
917,"Pearce, M A","pearce|m",NA,"Pearce","M","A"
918,"Pearson, Anna","pearson|a",NA,"Pearson","Anna",NA
919,"Pecha, M E","pecha|m",NA,"Pecha","M","E"
920,"Peduzzi, Pascal","peduzzi|p",NA,"Peduzzi","Pascal",NA
921,"Penaloza, I.","penaloza|i",NA,"Penaloza","I",NA
922,"Peng, Zhigang","peng|z",NA,"Peng","Zhigang",NA
923,"Pensky, J.","pensky|j",NA,"Pensky","J",NA
924,"Perdikou, S.","perdikou|s",NA,"Perdikou","S",NA
925,"Peterman, D.","peterman|d",NA,"Peterman","D",NA
926,"Petersen, E I","petersen|e",NA,"Petersen","E","I"
927,"Petersen, Sven","petersen|s",NA,"Petersen","Sven",NA
928,"Peterson, Dean M.","peterson|dm",NA,"Peterson","Dean","M"
929,"Peters, S E","peters|s",NA,"Peters","S","E"
930,"Peter, J.","peter|j",NA,"Peter","J",NA
931,"Pettersson, M.","pettersson|m",NA,"Pettersson","M",NA
932,"Pfaff, K.","pfaff|k",NA,"Pfaff","K",NA
933,"Pfau, J C","pfau|j",NA,"Pfau","J","C"
934,"Pfennig, Andreas","pfennig|a",NA,"Pfennig","Andreas",NA
935,"PhD","phd|",NA,"PhD",NA,NA
936,"Phelps, Geoffrey","phelps|g",NA,"Phelps","Geoffrey",NA
937,"Phillips, G.","phillips|g",NA,"Phillips","G",NA
938,"Phillips, Jan-Claire","phillips|j",NA,"Phillips","Jan-Claire",NA
939,"Piatak, N.","piatak|n",NA,"Piatak","N",NA
940,"Pilote, J.","pilote|j",NA,"Pilote","J",NA
941,"Pineault, David George","pineault|dg",NA,"Pineault","David","George"
942,"Pitcairn, I.","pitcairn|i",NA,"Pitcairn","I",NA
943,"Poelzer, G A","poelzer|g",NA,"Poelzer","G","A"
944,"Pokharel, A.","pokharel|a",NA,"Pokharel","A",NA
945,"Polzin, B J","polzin|b",NA,"Polzin","B","J"
946,"Pompeani, D P","pompeani|d",NA,"Pompeani","D","P"
947,"Ponce, D.","ponce|d",NA,"Ponce","D",NA
948,"Popovs, I.","popovs|i",NA,"Popovs","I",NA
949,"Porritt, R W","porritt|r",NA,"Porritt","R","W"
950,"Powell, R.","powell|r",NA,"Powell","R",NA
951,"Pownceby, M.","pownceby|m",NA,"Pownceby","M",NA
952,"Prabhu, A.","prabhu|a",NA,"Prabhu","A",NA
953,"Pradip","pradip|",NA,"Pradip",NA,NA
954,"Pratt, T. L.","pratt|tl",NA,"Pratt","T","L"
955,"Precker, C E","precker|c",NA,"Precker","C","E"
956,"Preet, S.","preet|s",NA,"Preet","S",NA
957,"Program, Mineral Resources","program|mr",NA,"Program","Mineral","Resources"
958,"Puente, P.","puente|p",NA,"Puente","P",NA
959,"Pulliam, Carrie","pulliam|c",NA,"Pulliam","Carrie",NA
960,"Pusarapu, V.","pusarapu|v",NA,"Pusarapu","V",NA
961,"Qasemipour, E.","qasemipour|e",NA,"Qasemipour","E",NA
962,"Qin, J.","qin|j",NA,"Qin","J",NA
963,"Qin, R.","qin|r",NA,"Qin","R",NA
964,"Qiu, L W","qiu|l",NA,"Qiu","L","W"
965,"Qi, S.","qi|s",NA,"Qi","S",NA
966,"Quan, Ying","quan|y",NA,"Quan","Ying",NA
967,"Quinn, D P","quinn|d",NA,"Quinn","D","P"
968,"Raffae, M.","raffae|m",NA,"Raffae","M",NA
969,"Ramon-Duenas, Carolina","ramonduenas|c",NA,"Ramon-Duenas","Carolina",NA
970,"Ramon, C.","ramon|c",NA,"Ramon","C",NA
971,"Ramos, E J","ramos|e",NA,"Ramos","E","J"
972,"Ramsey, P Q","ramsey|p",NA,"Ramsey","P","Q"
973,"Ram, R.","ram|r",NA,"Ram","R",NA
974,"Rangarajan, S. S.","rangarajan|ss",NA,"Rangarajan","S","S"
975,"Rao, S.","rao|s",NA,"Rao","S",NA
976,"Rau, Benjamin","rau|b",NA,"Rau","Benjamin",NA
977,"Ravandi, Z K","ravandi|z",NA,"Ravandi","Z","K"
978,"Raymond, O.","raymond|o",NA,"Raymond","O",NA
979,"RA, Zielinski","ra|z",NA,"RA","Zielinski",NA
980,"Realff, M.","realff|m",NA,"Realff","M",NA
981,"Reddy, J E","reddy|j",NA,"Reddy","J","E"
982,"Reddy, Sreedhar","reddy|s",NA,"Reddy","Sreedhar",NA
983,"Reed, C C","reed|c",NA,"Reed","C","C"
984,"Reershemius, T.","reershemius|t",NA,"Reershemius","T",NA
985,"Regan, A.","regan|a",NA,"Regan","A",NA
986,"Regan, Sean P.","regan|sp",NA,"Regan","Sean","P"
987,"Reijm, C R","reijm|c",NA,"Reijm","C","R"
988,"Rekabdarkolaee, H M","rekabdarkolaee|h",NA,"Rekabdarkolaee","H","M"
989,"Remondino, F.","remondino|f",NA,"Remondino","F",NA
990,"Respess, Zachary M.","respess|zm",NA,"Respess","Zachary","M"
991,"Riaño, Sofía","riano|s",NA,"Riaño","Sofía",NA
992,"Richardson, Carson A.","richardson|ca",NA,"Richardson","Carson","A"
993,"Riddell, Jill L.","riddell|jl",NA,"Riddell","Jill","L"
994,"Rishanty, Arnita","rishanty|a",NA,"Rishanty","Arnita",NA
995,"Roberge, J.","roberge|j",NA,"Roberge","J",NA
996,"Robert R. Seal, I I","robertrseal|i","II","Seal","Robert","R"
997,"Robinson","robinson|",NA,"Robinson",NA,NA
998,"Robinson, Devan M.","robinson|dm",NA,"Robinson","Devan","M"
999,"Robinson, G.R., Jr","robinson|gj",NA,"Robinson","GR","Jr"
1000,"Rodgers, K.","rodgers|k",NA,"Rodgers","K",NA
1001,"Rodrigues, F J L","rodrigues|f",NA,"Rodrigues","F","J L"
1002,"Roesch, Ariane","roesch|a",NA,"Roesch","Ariane",NA
1003,"Roe, W.","roe|w",NA,"Roe","W",NA
1004,"Rogosch, J.","rogosch|j",NA,"Rogosch","J",NA
1005,"Roland, V.","roland|v",NA,"Roland","V",NA
1006,"Rooney, A D","rooney|a",NA,"Rooney","A","D"
1007,"Rosenkranz, J.","rosenkranz|j",NA,"Rosenkranz","J",NA
1008,"Rosera, Joshua M.","rosera|jm",NA,"Rosera","Joshua","M"
1009,"Roth, R.","roth|r",NA,"Roth","R",NA
1010,"Rouchon, Denis","rouchon|d",NA,"Rouchon","Denis",NA
1011,"Royce, Bethany","royce|b",NA,"Royce","Bethany",NA
1012,"Rozelle, P L","rozelle|p",NA,"Rozelle","P","L"
1013,"R.R. Seal, I I","rrseal|i","II","Seal","Robert","R"
1014,"Rubilar, Rafael A.","rubilar|ra",NA,"Rubilar","Rafael","A"
1015,"Ruckhaus, M H","ruckhaus|m",NA,"Ruckhaus","M","H"
1016,"Ruleman, C A","ruleman|c",NA,"Ruleman","C","A"
1017,"Rumman, R.","rumman|r",NA,"Rumman","R",NA
1018,"Runkana, Venkataramana","runkana|v",NA,"Runkana","Venkataramana",NA
1019,"Russoniello, Christopher","russoniello|c",NA,"Russoniello","Christopher",NA
1020,"Ryan, Joseph N.","ryan|jn",NA,"Ryan","Joseph","N"
1021,"Ryker, S J","ryker|s",NA,"Ryker","S","J"
1022,"Ryter, J.","ryter|j",NA,"Ryter","J",NA
1023,"Rythoven, Van","rythoven|v",NA,"Rythoven","Van",NA
1024,"Sabolsky, E M","sabolsky|e",NA,"Sabolsky","E","M"
1025,"Sahu, R.","sahu|r",NA,"Sahu","R",NA
1026,"Sarker, S K","sarker|s",NA,"Sarker","S","K"
1027,"Sarma, R. Narayana","sarma|rn",NA,"Sarma","R","Narayana"
1028,"Saros, J E","saros|j",NA,"Saros","J","E"
1029,"Sayahpour, B.","sayahpour|b",NA,"Sayahpour","B",NA
1030,"Scalf, C.","scalf|c",NA,"Scalf","C",NA
1031,"Scarberry, Kaleb","scarberry|k",NA,"Scarberry","Kaleb",NA
1032,"Schaltegger, U.","schaltegger|u",NA,"Schaltegger","U",NA
1033,"Scheirer, Dan","scheirer|d",NA,"Scheirer","Dan",NA
1034,"Schermerhorn, William","schermerhorn|w",NA,"Schermerhorn","William",NA
1035,"Schiellerup, H.","schiellerup|h",NA,"Schiellerup","H",NA
1036,"Schmidt, K.","schmidt|k",NA,"Schmidt","K",NA
1037,"Schmitz, M.","schmitz|m",NA,"Schmitz","M",NA
1038,"Schultz, V O","schultz|v",NA,"Schultz","V","O"
1039,"Schulz, E Y","schulz|e",NA,"Schulz","E","Y"
1040,"Schulz, K J","schulz|k",NA,"Schulz","K","J"
1041,"Schulz, W H","schulz|w",NA,"Schulz","W","H"
1042,"Schwalb, A N","schwalb|a",NA,"Schwalb","A","N"
1043,"Schweizer, D.","schweizer|d",NA,"Schweizer","D",NA
1044,"Schwering, P.","schwering|p",NA,"Schwering","P",NA
1045,"Scott, C.","scott|c",NA,"Scott","C",NA
1046,"Seal, Robert","seal|r",NA,"Seal","Robert",NA
1047,"Seckinger, D C","seckinger|d",NA,"Seckinger","D","C"
1048,"Seleznev, N.","seleznev|n",NA,"Seleznev","N",NA
1049,"Selley, Kate","selley|k",NA,"Selley","Kate",NA
1050,"Sener, S E Can","sener|sc","Can","Sener","S","E"
1051,"Serbin, S P","serbin|s",NA,"Serbin","S","P"
1052,"Shah, A. K.","shah|ak",NA,"Shah","A","K"
1053,"Shah, S Y A","shah|s",NA,"Shah","S","Y A"
1054,"Shapiro, A M","shapiro|a",NA,"Shapiro","A","M"
1055,"Sharma, Namrata","sharma|n",NA,"Sharma","Namrata",NA
1056,"Sharpe, J.","sharpe|j",NA,"Sharpe","J",NA
1057,"Shaughnessy","shaughnessy|",NA,"Shaughnessy",NA,NA
1058,"Shaughnessy, A.","shaughnessy|a",NA,"Shaughnessy","A",NA
1059,"Shbita, Basel","shbita|b",NA,"Shbita","Basel",NA
1060,"Sheikh, T M","sheikh|t",NA,"Sheikh","T","M"
1061,"Shell, R.","shell|r",NA,"Shell","R",NA
1062,"Sherrod, Rebecca","sherrod|r",NA,"Sherrod","Rebecca",NA
1063,"Shervais, J W","shervais|j",NA,"Shervais","J","W"
1064,"She, A.","she|a",NA,"She","A",NA
1065,"Shin, D.","shin|d",NA,"Shin","D",NA
1066,"SHIRLEY, E T H A N A.","shirley|ea",NA,"SHIRLEY","ETHANA",""
1067,"Shirzaditabar, Farzad","shirzaditabar|f",NA,"Shirzaditabar","Farzad",NA
1068,"Shi, Y.","shi|y",NA,"Shi","Y",NA
1069,"Shi, Z.","shi|z",NA,"Shi","Z",NA
1070,"Short, S R","short|s",NA,"Short","S","R"
1071,"Sicard, Karri R.","sicard|kr",NA,"Sicard","Karri","R"
1072,"Sievert, N.","sievert|n",NA,"Sievert","N",NA
1073,"Siler, Drew","siler|d",NA,"Siler","Drew",NA
1074,"Simandl, G J","simandl|g",NA,"Simandl","G","J"
1075,"Simandl, L.","simandl|l",NA,"Simandl","L",NA
1076,"Simões, V H P","simes|v",NA,"Simões","V","H P"
1077,"Simmonds, J.","simmonds|j",NA,"Simmonds","J",NA
1078,"Simpson, B.","simpson|b",NA,"Simpson","B",NA
1079,"Singer, J W","singer|j",NA,"Singer","J","W"
1080,"Singh, S.","singh|s",NA,"Singh","S",NA
1081,"Sitterley, Kurban A.","sitterley|ka",NA,"Sitterley","Kurban","A"
1082,"Sizun, Jean‐Pierre","sizun|j",NA,"Sizun","Jean‐Pierre",NA
1083,"Slack, J F","slack|j",NA,"Slack","J","F"
1084,"Smelror, M.","smelror|m",NA,"Smelror","M",NA
1085,"Smirnov, Aleksey V.","smirnov|av",NA,"Smirnov","Aleksey","V"
1086,"Smith, D M","smith|d",NA,"Smith","D","M"
1087,"Smith, S.","smith|s",NA,"Smith","S",NA
1088,"Smith, T M","smith|t",NA,"Smith","T","M"
1089,"SM, Hall","sm|h",NA,"SM","Hall",NA
1090,"Snyder, S D","snyder|s",NA,"Snyder","S","D"
1091,"Solano, Federico","solano|f",NA,"Solano","Federico",NA
1092,"Soller, David","soller|d",NA,"Soller","David",NA
1093,"Song, S.","song|s",NA,"Song","S",NA
1094,"Song, W.","song|w",NA,"Song","W",NA
1095,"Sonnemann, G.","sonnemann|g",NA,"Sonnemann","G",NA
1096,"Souders","souders|",NA,"Souders",NA,NA
1097,"Soulié, J P","souli|j",NA,"Soulié","J","P"
1098,"Spandler, C.","spandler|c",NA,"Spandler","C",NA
1099,"Sporleder, B A","sporleder|b",NA,"Sporleder","B","A"
1100,"Spotila, J A","spotila|j",NA,"Spotila","J","A"
1101,"Stackelberg, P E","stackelberg|p",NA,"Stackelberg","P","E"
1102,"Stafford, K T","stafford|k",NA,"Stafford","K","T"
1103,"Stanfield, C H","stanfield|c",NA,"Stanfield","C","H"
1104,"Stearman, Loren W.","stearman|lw",NA,"Stearman","Loren","W"
1105,"Stearns, Andrew","stearns|a",NA,"Stearns","Andrew",NA
1106,"Steed, J E","steed|j",NA,"Steed","J","E"
1107,"Steenstra, Philip James","steenstra|pj",NA,"Steenstra","Philip","James"
1108,"Steen, D A","steen|d",NA,"Steen","D","A"
1109,"Stegen, R J","stegen|r",NA,"Stegen","R","J"
1110,"Stergiou, C L","stergiou|c",NA,"Stergiou","C","L"
1111,"Stern, R J","stern|r",NA,"Stern","R","J"
1112,"Steurs, Gert","steurs|g",NA,"Steurs","Gert",NA
1113,"Stigall","stigall|",NA,"Stigall",NA,NA
1114,"Stillings, L.","stillings|l",NA,"Stillings","L",NA
1115,"Stoeser, D.","stoeser|d",NA,"Stoeser","D",NA
1116,"Stokes-Draut, Jennifer R.","stokesdraut|jr",NA,"Stokes-Draut","Jennifer","R"
1117,"Stokes, Maya F.","stokes|mf",NA,"Stokes","Maya","F"
1118,"Stone, B D","stone|b",NA,"Stone","B","D"
1119,"Strauss","strauss|",NA,"Strauss",NA,NA
1120,"Strigul, N.","strigul|n",NA,"Strigul","N",NA
1121,"Strømman, A H","strmman|a",NA,"Strømman","A","H"
1122,"Subasi, Y.","subasi|y",NA,"Subasi","Y",NA
1123,"Sudhakar, A V V","sudhakar|a",NA,"Sudhakar","A","V V"
1124,"Suhey, J M","suhey|j",NA,"Suhey","J","M"
1125,"Suhrhoff, T J","suhrhoff|t",NA,"Suhrhoff","T","J"
1126,"Sui, J.","sui|j",NA,"Sui","J",NA
1127,"Sundberg, F A","sundberg|f",NA,"Sundberg","F","A"
1128,"Sunddararaj, S P","sunddararaj|s",NA,"Sunddararaj","S","P"
1129,"Sunjaya, D.","sunjaya|d",NA,"Sunjaya","D",NA
1130,"Sun, Z.","sun|z",NA,"Sun","Z",NA
1131,"Sutton, W B","sutton|w",NA,"Sutton","W","B"
1132,"Swayze, G A","swayze|g",NA,"Swayze","G","A"
1133,"Sweetkind, D S","sweetkind|d",NA,"Sweetkind","D","S"
1134,"Swezey, C S","swezey|c",NA,"Swezey","C","S"
1135,"Szumigala, David J.","szumigala|dj",NA,"Szumigala","David","J"
1136,"Taghvaeian, S.","taghvaeian|s",NA,"Taghvaeian","S",NA
1137,"Talan, D.","talan|d",NA,"Talan","D",NA
1138,"Talmadge, Michael S.","talmadge|ms",NA,"Talmadge","Michael","S"
1139,"Tang, G.","tang|g",NA,"Tang","G",NA
1140,"Tang, Y.","tang|y",NA,"Tang","Y",NA
1141,"Tappe, Sebastian","tappe|s",NA,"Tappe","Sebastian",NA
1142,"Tarka, T J","tarka|t",NA,"Tarka","T","J"
1143,"Taylor, C.","taylor|c",NA,"Taylor","C",NA
1144,"Taylor, Ryan","taylor|r",NA,"Taylor","Ryan",NA
1145,"Tester, J W","tester|j",NA,"Tester","J","W"
1146,"Thakurta, J.","thakurta|j",NA,"Thakurta","J",NA
1147,"Thapa, S.","thapa|s",NA,"Thapa","S",NA
1148,"Theilen-Willige, Prof.Dr.habil. Barbara","theilenwillige|pb",NA,"Theilen-Willige","ProfDrhabil","Barbara"
1149,"Thirumaran, Kiran","thirumaran|k",NA,"Thirumaran","Kiran",NA
1150,"Thomas, K.","thomas|k",NA,"Thomas","K",NA
1151,"Thomas, M A","thomas|m",NA,"Thomas","M","A"
1152,"Thomas, R D","thomas|r",NA,"Thomas","R","D"
1153,"Thomas, V M","thomas|v",NA,"Thomas","V","M"
1154,"Thomazo, Christophe","thomazo|c",NA,"Thomazo","Christophe",NA
1155,"Thompson, R A","thompson|r",NA,"Thompson","R","A"
1156,"Thorne, J.","thorne|j",NA,"Thorne","J",NA
1157,"Tian, Y.","tian|y",NA,"Tian","Y",NA
1158,"Tillery, A C","tillery|a",NA,"Tillery","A","C"
1159,"Timbie, J.","timbie|j",NA,"Timbie","J",NA
1160,"Tita, A.","tita|a",NA,"Tita","A",NA
1161,"Tőkés, ÁMT","tks|",NA,"Tőkés","ÁMT",NA
1162,"Tőkés, Tibor","tks|t",NA,"Tőkés","Tibor",NA
1163,"Todd, Erin","todd|e",NA,"Todd","Erin",NA
1164,"Tomaszewski, E J","tomaszewski|e",NA,"Tomaszewski","E","J"
1165,"Toma, J.","toma|j",NA,"Toma","J",NA
1166,"Tomkins, A.","tomkins|a",NA,"Tomkins","A",NA
1167,"Torrez, L F A","torrez|l",NA,"Torrez","L","F A"
1168,"Toscani, R.","toscani|r",NA,"Toscani","R",NA
1169,"Tracy, B S","tracy|b",NA,"Tracy","B","S"
1170,"Trcka, A R","trcka|a",NA,"Trcka","A","R"
1171,"Trembanis, A.","trembanis|a",NA,"Trembanis","A",NA
1172,"Tripathi, P.","tripathi|p",NA,"Tripathi","P",NA
1173,"Tripathy, S K","tripathy|s",NA,"Tripathy","S","K"
1174,"Troeye, B. Van","troeye|bv",NA,"Troeye","B","Van"
1175,"Trott, M L","trott|m",NA,"Trott","M","L"
1176,"Truskowski, Conner M.","truskowski|cm",NA,"Truskowski","Conner","M"
1177,"Tuladhar, A.","tuladhar|a",NA,"Tuladhar","A",NA
1178,"Twelker, Evan","twelker|e",NA,"Twelker","Evan",NA
1179,"Ubide, T.","ubide|t",NA,"Ubide","T",NA
1180,"Ulianov, A.","ulianov|a",NA,"Ulianov","A",NA
1181,"Umhoefer, P J","umhoefer|p",NA,"Umhoefer","P","J"
1182,"Unknown","unknown|",NA,"Unknown",NA,NA
1183,"Unknown, Author","unknown|a",NA,"Unknown","Author",NA
1184,"Urdaneta, M P","urdaneta|m",NA,"Urdaneta","M","P"
1185,"Vaka, D S","vaka|d",NA,"Vaka","D","S"
1186,"Valorose, C.","valorose|c",NA,"Valorose","C",NA
1187,"VanDerWielen, S.","vanderwielen|s",NA,"VanDerWielen","S",NA
1188,"Van Gosen, B.","vangosen|b",NA,"Van","Gosen","B"
1189,"VanSistine, D P","vansistine|d",NA,"VanSistine","D","P"
1190,"Vass, C R","vass|c",NA,"Vass","C","R"
1191,"Vegetation-raster, N D L","vegetationraster|n",NA,"Vegetation-raster","N","D L"
1192,"Vennin, Emmanuelle","vennin|e",NA,"Vennin","Emmanuelle",NA
1193,"Verplanck, P.","verplanck|p",NA,"Verplanck","P",NA
1194,"Vicroy, Stephanie","vicroy|s",NA,"Vicroy","Stephanie",NA
1195,"Vikre, P.","vikre|p",NA,"Vikre","P",NA
1196,"Villar, J E","villar|j",NA,"Villar","J","E"
1197,"Virgone, Aurélien","virgone|a",NA,"Virgone","Aurélien",NA
1198,"Visger, C J","visger|c",NA,"Visger","C","J"
1199,"Visscher, Pieter T.","visscher|pt",NA,"Visscher","Pieter","T"
1200,"Voosen, Paul","voosen|p",NA,"Voosen","Paul",NA
1201,"Voudouris, P.","voudouris|p",NA,"Voudouris","P",NA
1202,"Vrankar, D.","vrankar|d",NA,"Vrankar","D",NA
1203,"Vredenburgh, L M","vredenburgh|l",NA,"Vredenburgh","L","M"
1204,"Vuollo, J.","vuollo|j",NA,"Vuollo","J",NA
1205,"Vu, Binh","vu|b",NA,"Vu","Binh",NA
1206,"Waegli, J A","waegli|j",NA,"Waegli","J","A"
1207,"Walsh, Gregory J.","walsh|gj",NA,"Walsh","Gregory","J"
1208,"Walsh, S.","walsh|s",NA,"Walsh","S",NA
1209,"Walton, Zachary O.","walton|zo",NA,"Walton","Zachary","O"
1210,"Wang, B.","wang|b",NA,"Wang","B",NA
1211,"Wang, C.","wang|c",NA,"Wang","C",NA
1212,"Wang, D.","wang|d",NA,"Wang","D",NA
1213,"Wang, J.","wang|j",NA,"Wang","J",NA
1214,"Wang, M.","wang|m",NA,"Wang","M",NA
1215,"Wang, X.","wang|x",NA,"Wang","X",NA
1216,"Wang, Y Z","wang|y",NA,"Wang","Y","Z"
1217,"Wang, Z.","wang|z",NA,"Wang","Z",NA
1218,"Warner, Erica","warner|e",NA,"Warner","Erica",NA
1219,"Warrell, K F","warrell|k",NA,"Warrell","K","F"
1220,"Waterman, Michell L.","waterman|ml",NA,"Waterman","Michell","L"
1221,"Waters, Laura E.","waters|le",NA,"Waters","Laura","E"
1222,"Watkins, L.","watkins|l",NA,"Watkins","L",NA
1223,"Watson, E.","watson|e",NA,"Watson","E",NA
1224,"Weihermann, J D","weihermann|j",NA,"Weihermann","J","D"
1225,"Weil, A B","weil|a",NA,"Weil","A","B"
1226,"Weisberg, P J","weisberg|p",NA,"Weisberg","P","J"
1227,"Weis, P.","weis|p",NA,"Weis","P",NA
1228,"Weng, Z.","weng|z",NA,"Weng","Z",NA
1229,"Wen, Y.","wen|y",NA,"Wen","Y",NA
1230,"Werdon, Melanie B.","werdon|mb",NA,"Werdon","Melanie","B"
1231,"Werner, T T","werner|t",NA,"Werner","T","T"
1232,"Westenbroek, Steve","westenbroek|s",NA,"Westenbroek","Steve",NA
1233,"Westerhof, A B Phil","westerhof|ap","Phil","Westerhof","A","B"
1234,"Whipple, K X","whipple|k",NA,"Whipple","K","X"
1235,"Whitehouse","whitehouse|",NA,"Whitehouse",NA,NA
1236,"Whitenburg, Luke","whitenburg|l",NA,"Whitenburg","Luke",NA
1237,"White, J T","white|j",NA,"White","J","T"
1238,"White, M J","white|m",NA,"White","M","J"
1239,"White, S J","white|s",NA,"White","S","J"
1240,"Whittle, D.","whittle|d",NA,"Whittle","D",NA
1241,"Wildland, Alec D.","wildland|ad",NA,"Wildland","Alec","D"
1242,"Wilkerson, G.","wilkerson|g",NA,"Wilkerson","G",NA
1243,"Williams, D M","williams|d",NA,"Williams","D","M"
1244,"Williams, Lance R.","williams|lr",NA,"Williams","Lance","R"
1245,"Williams, Marsha B.","williams|mb",NA,"Williams","Marsha","B"
1246,"Williams, S R","williams|s",NA,"Williams","S","R"
1247,"Willis, B T M","willis|b",NA,"Willis","B","T M"
1248,"Wilson, Alana M.","wilson|am",NA,"Wilson","Alana","M"
1249,"Wilson, N C","wilson|n",NA,"Wilson","N","C"
1250,"Wilson, S.","wilson|s",NA,"Wilson","S",NA
1251,"Wilson, T S","wilson|t",NA,"Wilson","T","S"
1252,"Wiltermuth, M T","wiltermuth|m",NA,"Wiltermuth","M","T"
1253,"Winikoff, S G","winikoff|s",NA,"Winikoff","S","G"
1254,"Winn, C.","winn|c",NA,"Winn","C",NA
1255,"Wintzer, N E","wintzer|n",NA,"Wintzer","N","E"
1256,"Woodruff, L.","woodruff|l",NA,"Woodruff","L",NA
1257,"Woods, R A","woods|r",NA,"Woods","R","A"
1258,"Workman, J B","workman|j",NA,"Workman","J","B"
1259,"Wortzel, Larry M.","wortzel|lm",NA,"Wortzel","Larry","M"
1260,"Wright, Cory","wright|c",NA,"Wright","Cory",NA
1261,"Wu, Connor Y. H.","wu|cyh",NA,"Wu","Connor","Y H"
1262,"Wu, Q.","wu|q",NA,"Wu","Q",NA
1263,"Wu, S.","wu|s",NA,"Wu","S",NA
1264,"Wu, X.","wu|x",NA,"Wu","X",NA
1265,"Wu, Y.","wu|y",NA,"Wu","Y",NA
1266,"Wyatt, W. Chris","wyatt|wc",NA,"Wyatt","W","Chris"
1267,"Wypych, Alicja","wypych|a",NA,"Wypych","Alicja",NA
1268,"Xie, Zhenan","xie|z",NA,"Xie","Zhenan",NA
1269,"XK, Fan","xk|f",NA,"XK","Fan",NA
1270,"Xu, C.","xu|c",NA,"Xu","C",NA
1271,"Xu, Gui-Liang","xu|g",NA,"Xu","Gui-Liang",NA
1272,"Xu, Y.","xu|y",NA,"Xu","Y",NA
1273,"XY, Wu","xy|w",NA,"XY","Wu",NA
1274,"Yadav, B.","yadav|b",NA,"Yadav","B",NA
1275,"Yadav, S.","yadav|s",NA,"Yadav","S",NA
1276,"YALÇIN, C.","yalin|c",NA,"YALÇIN","C",NA
1277,"Yang, C X","yang|c",NA,"Yang","C","X"
1278,"Yang, D C","yang|d",NA,"Yang","D","C"
1279,"Yang, H.","yang|h",NA,"Yang","H",NA
1280,"Yang, X.","yang|x",NA,"Yang","X",NA
1281,"Yang, Y.","yang|y",NA,"Yang","Y",NA
1282,"Yang, Z.","yang|z",NA,"Yang","Z",NA
1283,"Yao, H.","yao|h",NA,"Yao","H",NA
1284,"Yaragunda, V R","yaragunda|v",NA,"Yaragunda","V","R"
1285,"Yates, M G","yates|m",NA,"Yates","M","G"
1286,"Yaxley, Gregory M.","yaxley|gm",NA,"Yaxley","Gregory","M"
1287,"Yellich, J A","yellich|j",NA,"Yellich","J","A"
1288,"Yellishetty, M.","yellishetty|m",NA,"Yellishetty","M",NA
1289,"Yonkee, A.","yonkee|a",NA,"Yonkee","A",NA
1290,"Yonkee, W A","yonkee|w",NA,"Yonkee","W","A"
1291,"Young, M L","young|m",NA,"Young","M","L"
1292,"Young, S B","young|s",NA,"Young","S","B"
1293,"Yousefi","yousefi|",NA,"Yousefi",NA,NA
1294,"Yuan, L.","yuan|l",NA,"Yuan","L",NA
1295,"Yusuf, S N","yusuf|s",NA,"Yusuf","S","N"
1296,"Yu, B.","yu|b",NA,"Yu","B",NA
1297,"Yu, G D","yu|g",NA,"Yu","G","D"
1298,"Yu, Q.","yu|q",NA,"Yu","Q",NA
1299,"Yu, Y.","yu|y",NA,"Yu","Y",NA
1300,"Yu, Z.","yu|z",NA,"Yu","Z",NA
1301,"Zafra, J L Torres","zafra|jt","Torres","Zafra","J","L"
1302,"Zellman, K L","zellman|k",NA,"Zellman","K","L"
1303,"Zhang, B.","zhang|b",NA,"Zhang","B",NA
1304,"Zhang, D.","zhang|d",NA,"Zhang","D",NA
1305,"Zhang, F.","zhang|f",NA,"Zhang","F",NA
1306,"Zhang, H.","zhang|h",NA,"Zhang","H",NA
1307,"Zhang, J.","zhang|j",NA,"Zhang","J",NA
1308,"Zhang, M.","zhang|m",NA,"Zhang","M",NA
1309,"Zhang, S E","zhang|s",NA,"Zhang","S","E"
1310,"Zhang, W.","zhang|w",NA,"Zhang","W",NA
1311,"Zhang, Y.","zhang|y",NA,"Zhang","Y",NA
1312,"Zhang, Z.","zhang|z",NA,"Zhang","Z",NA
1313,"Zhou, D.","zhou|d",NA,"Zhou","D",NA
1314,"Zhou, L.","zhou|l",NA,"Zhou","L",NA
1315,"Zhou, S.","zhou|s",NA,"Zhou","S",NA
1316,"Zhu, X.","zhu|x",NA,"Zhu","X",NA
1317,"Zhu, Y.","zhu|y",NA,"Zhu","Y",NA
1318,"Ziemkiewicz, P F","ziemkiewicz|p",NA,"Ziemkiewicz","P","F"
1319,"Zientek, M.","zientek|m",NA,"Zientek","M",NA
1320,"Zimmerer, Mathew","zimmerer|m",NA,"Zimmerer","Mathew",NA
1321,"ZQ, Hou","zq|h",NA,"ZQ","Hou",NA
1322,"Zuo","zuo|",NA,"Zuo",NA,NA
1323,"Zuza, Andrew V.","zuza|av",NA,"Zuza","Andrew","V"
1324,"ZY, Zhang","zy|z",NA,"ZY","Zhang",NA
1325,"이승열, 김대용，","|",NA,"이승열","김대용，",NA
